Supplier Name,"Fabric Type 
(YD / Solid / Print)",Brand,Sub Brand,"Month
(MMM-YY)",Fabric Code,Fabric Content,"Inward Date 
(DD-MMM-YYYY)",MIGO Date,PO No.,"Actual Received 
Quantity","Quantity Passed 
Without EC","Quantity Passed 
With EC","Quantity 
Rejected","Reason for Rejected Qty
(If any Qty rejected then Pls  mention the exact reason here)",Approved EC %,FRA Qty,"Inspection Date 
(DD-MMM-YY)","Inspection 
Report No.","PO Full Width
(cms)","Actual Full Width Avg
(cms)",Diffrence,"Cuttable Width
(cms)","Lowest 
Index","Average 
Index  ","Highest 
Index","Area of FRA
(Lab / VI / CSV / SG / WD)",FRA No.,"FRA Raised Date
(DD-MMM-YY)","FRA Sent Date
(DD-MMM-YY)","FRA Closed Date
(DD-MMM-YY)","Total Days 
(Taken for Closure)","Status 
(Clear / EC / RTS / Pending)","CSV 
(OK/NOT OK)",FRA Reason,Final Agreed Decision
Krishna Alkali (Bombay) Pvt Ltd,Print,SC,SC,2025-04-02 00:00:00,F325SCSH7858,100% Cotton,2025-03-27,2025-03-27,3310052573,339.8,,,339.8,Soak test,,339.8,2025-03-28,8443.0,142.0,150.0,8.0,147.0,7.0,9.0,12.0,Lab,200007835,2025-04-02,2025-04-02,2025-04-03,1,RTS,OK,Lab soak test 3.5*,RTS
Geervani Impex,Solids,VHWW,VW,2025-04-02 00:00:00,F524VWDR4310,100% Cotton,2025-03-28,2025-03-28,3310056914,302.0,,302.0,,Contamination,3.0,302.0,2025-04-02,8454.0,142.0,148.0,6.0,145.0,31.0,32.0,33.0,VI,200007834,2025-04-02,2025-04-02,2025-04-02,0,EC,Not OK,Contamination,Accepted with 3% EC for recut
Shahlon Silk Industries Pvt Ltd,Solids,VHWW,VW,2025-04-02 00:00:00,F323VWTS5293,100% Cotton,2025-03-27,2025-03-27,3310039719,514.0,,514.0,,"Stain,yarn pull",5.0,514.0,2025-04-02,8022.0,110.0,111.0,1.0,107.0,9.0,40.0,59.0,VI,200007833,2025-04-02,2025-04-02,2025-04-02,0,EC,OK,"Stain,yarn pull",Accepted with 5% EC for recut
Auro Textiles,Solids,HOAS,AS,2025-04-02 00:00:00,F322ASSH1802,100% Cotton,2025-03-28,2025-03-28,3310053659,1237.0,,1237.0,,Less width,3.0,1237.0,2025-03-29,8258.0,145.0,140.0,-5.0,137.0,7.0,7.0,7.0,VI,200007704,2025-04-04,2025-04-04,2025-04-05,1,EC,OK,Less width 140cm ( sap width 145cm ),Accepted with 3% EC for less width
Krishna Alkali (Bombay) Pvt Ltd,Print,SC,SC,2025-04-02 00:00:00,F325SCSH7864,100% Cotton,2025-04-02,2025-04-02,3310052583,340.5,340.5,,,,,340.5,2025-04-03,9134.0,142.0,150.0,8.0,147.0,9.0,11.0,14.0,VI,200007705,2025-04-04,2025-04-04,2025-04-05,1,Clear,OK,White dots,White dots approved by brand
Penfabric Sdn. Berhad,Solids,HOLP,LP,2025-04-02 00:00:00,F325LPSH1914,100% Cotton,2025-03-29,2025-03-29,3310051120,2947.0,2947.0,,,,,2947.0,2025-04-03,8029.0,137.0,157.0,20.0,153.0,4.0,6.0,7.0,VI,200007706,2025-04-04,2025-04-04,2025-04-15,8,Clear,Not OK,Streaky,Streaky approved in garments
Ankush Knitting Works Pvt Ltd,Yarn Dyed,PE,PE,2025-04-02 00:00:00,F323PEKP7435,100% Cotton,2025-04-02,2025-04-02,3310052959,227.53,203.13,24.4,,Streaky,5.0,227.53,2025-04-03,8901.0,152.0,174.0,22.0,169.0,7.0,9.0,12.0,VI,200007707,2025-04-04,2025-04-04,2025-04-05,1,EC,OK,Streaky,One roll - 24.4 kg accepted with 5% EC balance w/o EC
Arvind Ltd,Print,HOLP,LP,2025-04-02 00:00:00,F325LPSH5078,100% Cotton,2025-04-02,2025-04-02,3310048470,2502.0,2502.0,,,,,2502.0,2025-04-04,9135.0,137.0,145.0,8.0,142.0,5.0,8.0,10.0,Lab,200007848,2025-04-05,2025-04-05,2025-04-11,5,Clear,OK,"Lab skewness 5.6*,seam slippage 11.1*",Lab Approved Accepted w/o EC
Premier Spg & Wvg Mills Pvt Ltd,Yarn Dyed,HOAS,AS,2025-04-02 00:00:00,F325ALSH1279,100% Cotton,2025-04-02,2025-04-02,3310057656,1295.0,1295.0,,,,,1295.0,2025-04-04,8461.0,140.0,147.0,7.0,143.0,8.0,11.0,16.0,SG,200007866,2025-04-07,2025-04-07,2025-04-07,0,Clear,OK,Off shade,Shades Approved by brand
Premier Fabrics Sourcing LLP,Yarn Dyed,HOAS,AS,2025-04-02 00:00:00,F525ABSH5766,100% Cotton,2025-04-03,2025-04-03,3310058700,307.0,,307.0,,Snarls,3.0,307.0,2025-04-05,8468.0,140.0,144.0,4.0,141.0,29.0,30.0,31.0,VI,200007865,2025-04-07,2025-04-07,2025-04-08,1,EC,OK,Snarls,Accepted with 3% EC for recut
Premier Fabrics Sourcing LLP,Yarn Dyed,HOAS,AS,2025-04-02 00:00:00,F525ABSH5761,100% Cotton,2025-04-03,2025-04-03,3310058683,302.0,,302.0,,slubs,3.0,302.0,2025-04-05,8046.0,140.0,144.5,4.5,141.0,21.0,29.0,36.0,VI,200007880,2025-04-07,2025-04-07,2025-04-08,1,EC,OK,Slubs,Accepted with 3% EC for recut
Arvind Ltd,Solids,HOLP,LP,2025-04-02 00:00:00,F321LYSH3060,100% Cotton,2025-04-02,2025-04-02,3310048498,3791.0,3663.0,128.0,,Stain,5.0,3791.0,2025-04-05,9058.0,137.0,143.0,6.0,139.0,8.0,20.0,30.0,VI,200007864,2025-04-07,2025-04-07,2025-04-08,1,EC,OK,Stain,One roll 128 mtrs accepted with 5% EC balance ok
Arvind Ltd,Print,HOLP,LP,2025-04-02 00:00:00,F325LPSH2951,100% Cotton,2025-04-02,2025-04-02,3310041964,762.0,,762.0,,Holes,4.0,762.0,2025-04-04,7965.0,137.0,148.0,11.0,144.0,4.0,35.0,73.0,VI,200007863,2025-04-07,2025-04-07,2025-04-08,1,EC,OK,Holes,Accepted with 4% EC for recut
Arvind Ltd,Solids,HOLP,LP,2025-04-02 00:00:00,F325LPSH4895,100% Cotton,2025-04-02,2025-04-02,3310048976,442.0,,442.0,,Contamination,4.0,442.0,2025-04-05,8041.0,137.0,151.0,14.0,144.0,36.0,37.0,38.0,VI,200007862,2025-04-07,2025-04-07,2025-04-08,1,EC,OK,Contamination,Accepted with 4% EC for recut
Arvind Ltd,Solids,HOLP,LP,2025-04-02 00:00:00,F325LRSH1342,100% Cotton,2025-04-02,2025-04-02,3310048949,1650.0,1650.0,,,,,1650.0,2025-04-04,8464.0,137.0,149.0,12.0,146.0,11.0,14.0,19.0,SG,200007861,2025-04-07,2025-04-07,2025-04-07,0,Clear,OK,Off shade,Shades Approved by brand
Auro Textiles,Solids,HOLP,LP,2025-04-02 00:00:00,F320LRSH5777,100% Cotton,2025-04-02,2025-04-02,3310059907,1035.0,,1035.0,,Contamination,3.0,1035.0,2025-04-04,7966.0,137.0,146.0,9.0,143.0,25.0,28.0,31.0,VI,200007860,2025-04-07,2025-04-07,2025-04-10,3,EC,OK,Contamination,Accepted with 3% EC for recut
Orbit Exports Ltd,Solids,HOAS,AH,2025-04-02 00:00:00,F325AHTS6862,100% Polyester,2025-04-02,2025-04-02,3310058725,1039.0,,1039.0,,,8.0,1039.0,2025-04-05,8044.0,145.0,145.0,0.0,140.0,37.0,45.0,53.0,VI,200007881,2025-04-07,2025-04-07,2025-04-16,7,EC,OK,"Streaky,yarn pull","Streaky Approved in garment Accepted with 8% EC for recut,csv (Raghvendra sir)"
Orbit Exports Ltd,Solids,HOAS,AH,2025-04-02 00:00:00,F325AHTS6860,100% Polyester,2025-04-02,2025-04-02,3310058723,1036.0,,1036.0,,,5.0,1036.0,2025-04-05,9144.0,145.0,145.0,0.0,141.0,19.0,24.0,29.0,VI,200007728,2025-04-07,2025-04-07,2025-04-16,7,EC,OK,"Streaky,stop mark,csv","Streaky Approved in garment Accepted with 5% EC for recut,csv( Raghavendra sir)"
Orbit Exports Ltd,Solids,HOAS,AH,2025-04-02 00:00:00,F325AHTS6861,100% Polyester,2025-04-02,2025-04-02,3310059907,996.5,,996.5,,,8.0,996.5,2025-04-05,7976.0,145.0,144.0,-1.0,141.0,33.0,44.0,59.0,VI,200007867,2025-04-07,2025-04-07,2025-04-16,7,EC,OK,"Yarn pull,crease mark,csv","Streaky Approved in garment Accepted with 8% EC for recut,csv( Raghavendra sir)"
Premier Fabrics Sourcing LLP,Solids,HOAS,AS,2025-04-02 00:00:00,F525ABSH5776,100% Cotton,2025-04-03,2025-04-03,3310058674,300.0,,300.0,,Contamination,5.0,300.0,2025-04-07,8052.0,140.0,146.0,6.0,141.0,43.0,45.0,46.0,VI,200007913,2025-04-08,2025-04-08,2025-04-09,1,EC,OK,Contamination,Accepted with 5% EC for recut
Premier Fabrics Sourcing LLP,Solids,HOAS,AS,2025-04-02 00:00:00,F525ABSH5788,100% Cotton,2025-04-03,2025-04-03,3310058681,306.0,,306.0,,Contamination,2.0,306.0,2025-04-07,8056.0,140.0,146.0,6.0,140.0,17.0,28.0,43.0,VI,200007912,2025-04-08,2025-04-08,2025-04-09,1,EC,OK,Contamination,Accepted with 2% EC for recut
Premier Fabrics Sourcing LLP,Solids,HOAS,AS,2025-04-02 00:00:00,F525ABSH5774,100% Cotton,2025-04-03,2025-04-03,3310058673,327.0,,327.0,,Contamination,5.0,327.0,2025-04-07,8057.0,140.0,146.0,6.0,141.0,43.0,48.0,57.0,VI,200007911,2025-04-08,2025-04-08,2025-04-08,0,EC,OK,Contamination,Accepted with 5% EC for recut
Premier Fabrics Sourcing LLP,Solids,HOAS,AS,2025-04-02 00:00:00,F525ABSH5773,100% Cotton,2025-04-03,2025-04-03,3310058704,303.0,,303.0,,Contamination,3.0,303.0,2025-04-07,8053.0,140.0,147.0,7.0,142.0,24.0,31.0,37.0,VI,200007910,2025-04-08,2025-04-08,2025-04-08,0,EC,OK,Contamination,Accepted with 3% EC for recut
Premier Fabrics Sourcing LLP,Solids,HOAS,AS,2025-04-02 00:00:00,F525ABSH5801,100% Cotton,2025-04-03,2025-04-03,3310058689,310.0,,310.0,,Contamination,3.0,310.0,2025-04-07,8479.0,140.0,149.0,9.0,146.0,30.0,36.0,42.0,VI,200007869,2025-04-08,2025-04-08,2025-04-08,0,EC,OK,Contamination,Accepted with 3% EC for recut
Wujiang Deyi Fashions Cloths Co.Ltd,Solids,VHWW,VW,2025-04-02 00:00:00,F320VWSH5156,100% Cotton,2025-04-05,2025-04-05,3310051012,874.2,773.2,,101.0,Running shade,,874.2,2025-04-09,9098.0,144.0,150.0,6.0,146.0,7.0,8.0,10.0,VI,200007935,2025-04-10,2025-04-10,2025-04-18,7,Clear,OK,"Off shade,running shade",One roll -101 Mtrs RTS balance ok
Louvre Textile Co Ltd,Yarn Dyed,HOLP,LP,2025-04-02 00:00:00,F325LYSH6856,100% Cotton,2025-04-05,2025-04-05,3310048831,2796.2,,,2796.2,Streaky,,2796.2,2025-04-09,9161.0,137.0,152.0,15.0,148.0,9.0,14.0,17.0,VI,200007934,2025-04-10,2025-04-10,2025-04-16,5,RTS,OK,"Neps,streaky",RTS
Jiangu Pinytex Textile Dying,Solids,HOLP,LP,2025-04-02 00:00:00,F525LASH1231,100% Cotton,2025-04-07,2025-04-07,3310048823,1060.2,1060.2,,,,,1060.2,2025-04-09,9096.0,137.0,147.0,10.0,144.0,5.0,7.0,8.0,VI,200007930,2025-04-10,2025-04-10,2025-04-16,5,Clear,OK,Streaky,Approved accepted by Jothi sir
Lu Thai Textile Co Ltd,Yarn Dyed,HOLP,LP,2025-04-02 00:00:00,F325LPKP6198,100% Cotton,2025-04-05,2025-04-05,3310054070,1000.0,,1000.0,,GSM,1.0,1000.0,2025-04-09,7996.0,157.0,167.0,10.0,163.0,6.0,6.0,7.0,VI,200007931,2025-04-10,2025-04-10,2025-04-15,4,EC,OK,Lower GSM,GSM Approved with 1% EC
Jaydee Fabrics Ltd,Yarn Dyed,HOAS,AS,2025-04-02 00:00:00,F324ALSH5131,100% Cotton,2025-04-07,2025-04-07,3310057651,2154.0,2154.0,,,,,2154.0,2025-04-09,8701.0,140.0,151.0,11.0,147.0,9.0,13.0,16.0,VI,200007933,2025-04-10,2025-04-10,2025-04-10,0,Clear,OK,Neps,Approved accepted w/o EC
Jaydee Fabrics Ltd,Yarn Dyed,HOAS,AS,2025-04-02 00:00:00,F325ALSH1292,100% Cotton,2025-04-07,2025-04-07,3310057658,2174.5,2174.5,,,,,2174.5,2025-04-10,9099.0,140.0,149.0,9.0,146.0,14.0,19.0,23.0,VI,200007932,2025-04-10,2025-04-10,2025-04-12,2,Clear,OK,"Neps,streaky",After wash Approved Accepted w/o EC
Jaydee Fabrics Ltd,Solids,HOAS,AS,2025-04-02 00:00:00,F324ALSH4875,100% Cotton,2025-04-07,2025-04-07,3310057649,1475.0,,1475.0,,"Knots,slubs",5.0,1475.0,2025-04-10,8224.0,140.0,160.0,20.0,157.0,35.0,55.0,65.0,VI,200007778,2025-04-11,2025-04-11,2025-04-15,3,EC,OK,"Snarls,knots",Accepted with 5% EC for recut
Ankush Knitting Works Pvt Ltd,Solids,HOLP,LP,2025-04-02 00:00:00,F324LYSH3020,100% Cotton,2025-04-07,2025-04-07,3310048651,699.87,,,699.87,Soak test,,699.87,2025-04-10,8946.0,137.0,238.0,101.0,234.0,17.0,23.0,25.0,Lab / VI,200007893,2025-04-11,2025-04-11,2025-04-16,4,RTS,OK,"Streaky,lab soak test",RTS
Ankush Knitting Works Pvt Ltd,Solids,HOLP,LP,2025-04-02 00:00:00,F324LYSH3020,100% Cotton,2025-04-07,2025-04-07,3310048651,110.5,,,110.5,Soak test,,110.5,2025-04-10,8958.0,137.0,236.0,99.0,232.0,29.0,30.0,34.0,Lab / VI,200007902,2025-04-11,2025-04-11,2025-04-16,4,RTS,OK,"Streaky,holes,lab soak test",RTS
Ankush Knitting Works Pvt Ltd,Yarn Dyed,HOLP,LP,2025-04-02 00:00:00,F324LYSH2446,100% Cotton,2025-04-07,2025-04-07,3310054018,303.29,,303.29,,"Holes,warp line",2.0,303.29,2025-04-09,8938.0,144.0,234.0,90.0,230.0,17.0,26.0,37.0,VI,200007892,2025-04-11,2025-04-11,2025-04-16,4,EC,OK,"Holes,warp line",Accepted with 2% EC for recut
Ankush Knitting Works Pvt Ltd,Yarn Dyed,HOLP,LP,2025-04-02 00:00:00,F324LYSH2446,100% Cotton,2025-04-07,2025-04-07,3310054018,234.11,,234.11,,"Holes,warp line",2.0,234.11,2025-04-09,8938.0,144.0,234.0,90.0,230.0,17.0,26.0,37.0,VI,200007952,2025-04-11,2025-04-11,2025-04-16,4,EC,OK,"Holes,warp line",Accepted with 2% EC for recut
Ankush Knitting Works Pvt Ltd,Yarn Dyed,HOLP,LP,2025-04-02 00:00:00,F324LYSH2442,100% Cotton,2025-04-07,2025-04-07,3310054242,762.53,,762.53,,Cut pieces,1.0,762.53,2025-04-11,8953.0,144.0,234.0,90.0,230.0,9.0,23.0,35.0,VI,200007951,2025-04-11,2025-04-11,2025-04-16,4,EC,OK,"Holes,cut pieces",Accepted with 1% EC for recut
Jaydee Fabrics Ltd,Print,HOLP,LP,2025-04-02 00:00:00,F325LRSH4473,100% Cotton,2025-04-07,2025-04-07,3310048953,1457.3,1457.3,,,,,1457.3,2025-04-10,9166.0,137.0,148.0,11.0,145.0,6.0,10.0,16.0,VI,200007779,2025-04-11,2025-04-11,2025-04-21,7,Clear,OK,Streaky,Mock approved by brand
Continental Textile Co Ltd,Solids,HOLP,LP,2025-04-02 00:00:00,F523LYSH6670,100% Cotton,2025-04-08,2025-04-08,3310048821,2403.4,,,2403.4,Streaky,,2403.4,2025-04-10,8076.0,137.0,137.0,0.0,133.0,9.0,11.0,13.0,VI,200007894,2025-04-11,2025-04-11,2025-04-24,10,RTS,OK,Streaky,Move to block stock
Aarti International Ltd,Solids,HOLP,LP,2025-04-02 00:00:00,F525LRKP6369,100% Cotton,2025-04-07,2025-04-07,3310053398,21.98,,21.98,,"Stain,holes",4.0,21.98,2025-04-11,8951.0,176.0,183.0,7.0,177.0,42.0,42.0,42.0,VI,200007950,2025-04-11,2025-04-11,2025-04-16,4,EC,OK,"Stain,holes",Accepted with 4% EC for recut
Ankush Knitting Works Pvt Ltd,Print,HOAS,AS,2025-04-02 00:00:00,F325ASSH1548,100% Cotton,2025-04-07,2025-04-07,3310051974,592.12,,,592.12,Streaky,,592.12,2025-04-11,8229.0,145.0,148.0,3.0,144.0,13.0,31.0,50.0,VI / CSV / SG,200007960,2025-04-12,2025-04-12,2025-04-17,4,RTS,Not OK,"Streaky,holes,cut pieces,Higher GSM,off shade,csv",RTS
Ankush Knitting Works Pvt Ltd,Print,HOAS,AS,2025-04-02 00:00:00,F325ASSH1548,100% Cotton,2025-04-07,2025-04-07,3310051974,595.56,,,595.56,Streaky,,595.56,2025-04-10,8232.0,145.0,148.0,3.0,145.0,14.0,27.0,32.0,VI / CSV / SG,200007962,2025-04-12,2025-04-12,2025-04-17,4,RTS,Not OK,"Streaky,holes,cut pieces,off shade,csv",RTS
Ankush Knitting Works Pvt Ltd,Print,HOAS,AS,2025-04-02 00:00:00,F325ASSH1548,100% Cotton,2025-04-09,2025-04-09,3310051974,596.05,,,596.05,Streaky,,596.05,2025-04-12,8961.0,145.0,152.0,7.0,148.0,26.0,36.0,55.0,VI / CSV / SG,200007963,2025-04-12,2025-04-12,2025-04-17,4,RTS,Not OK,"Streaky,holes,cut pieces,off shade,csv",RTS
Arama Tessile,Print,HOAS,AS,2025-04-02 00:00:00,F325ASSH6115,100% Cotton,2025-04-09,2025-04-09,3310051814,556.0,556.0,,,,,556.0,2025-04-11,7812.0,138.0,145.0,7.0,142.0,5.0,7.0,10.0,SG,200007578,2025-04-12,2025-04-12,2025-04-16,3,Clear,OK,Off shade,Shades Approved by brand
Arama Tessile,Print,HOAS,AS,2025-04-02 00:00:00,F325ASSH6120,100% Cotton,2025-04-09,2025-04-09,3310051819,626.0,,,626.0,Stain,,626.0,2025-04-11,9200.0,138.0,145.0,7.0,141.0,5.0,6.0,8.0,VI / SG,200007577,2025-04-12,2025-04-12,2025-04-17,4,RTS,OK,"Off shade,stain",RTS
Arama Tessile,Print,HOAS,AS,2025-04-02 00:00:00,F325ASSH6118,100% Cotton,2025-04-09,2025-04-09,3310051817,630.0,,,630.0,Stain,,630.0,2025-04-12,7815.0,138.0,145.0,7.0,142.0,5.0,5.0,5.0,VI,200007576,2025-04-12,2025-04-12,2025-04-17,4,RTS,OK,Stain,RTS
Krishna Alkali (Bombay) Pvt Ltd,Print,HOLP,LP,2025-04-02 00:00:00,F325LRSH389,100% Cotton,2025-04-09,2025-04-09,3310048599,849.7,,,849.7,White dots,,849.7,2025-04-11,8082.0,137.0,145.0,8.0,141.0,7.0,11.0,17.0,VI,200007575,2025-04-12,2025-04-12,2025-04-16,3,RTS,OK,White dots,RTS
Arvind Ltd,Print,HOLP,LP,2025-04-02 00:00:00,F325LPSH4906,100% Cotton,2025-04-09,2025-04-09,3310048460,2684.0,2684.0,,,,,2684.0,2025-04-11,8954.0,137.0,148.0,11.0,145.0,4.0,6.0,9.0,SG,200007574,2025-04-12,2025-04-12,2025-04-16,3,Clear,Not OK,Off shade,Shades Approved by brand
Arvind Ltd,Print,HOLP,LP,2025-04-02 00:00:00,F325LPSH4895,100% Cotton,2025-04-09,2025-04-09,3310048976,132.0,,132.0,,Contamination,6.0,132.0,2025-04-11,8711.0,137.0,150.0,13.0,146.0,53.0,56.0,62.0,VI,200007573,2025-04-12,2025-04-12,2025-04-16,3,EC,OK,Contamination,Accepted with 6% EC for recut
Ankush Knitting Works Pvt Ltd,Solids,HOLP,LP,2025-04-02 00:00:00,F324LYSH3020,100% Cotton,2025-04-09,2025-04-09,3310048651,126.9,,,126.9,Soak test,,126.9,2025-04-12,8960.0,137.0,234.0,97.0,230.0,10.0,13.0,16.0,Lab / VI,200007965,2025-04-12,2025-04-12,2025-04-16,3,RTS,OK,Lab soak test,RTS
Arvind Ltd,Print,HOLP,LP,2025-04-02 00:00:00,F325LRSH4764,100% Cotton,2025-04-09,2025-04-09,3310048431,1081.0,,1081.0,,Contamination,4.0,1081.0,2025-04-12,8087.0,137.0,151.0,14.0,146.0,28.0,32.0,36.0,VI,200007966,2025-04-12,2025-04-12,2025-04-16,3,EC,OK,Contamination,Accepted with 4% EC for recut
Krishna Alkali (Bombay) Pvt Ltd,Print,SC,SC,2025-04-02 00:00:00,F325SCSH6500,100% Cotton,2025-04-09,2025-04-09,3310048021,434.6,434.6,,,,,434.6,2025-04-11,9199.0,137.0,149.0,12.0,146.0,3.0,3.0,4.0,VI,200007579,2025-04-12,2025-04-12,2025-04-15,2,Clear,OK,"Streaky,white dots","Streaky,white dots approved by brand"
Aarti International Ltd,Solids,HOLP,LP,2025-04-02 00:00:00,F523LRKP4036,100% Cotton,2025-04-09,2025-04-09,3310053396,76.83,76.83,,,,,76.83,2025-04-12,8234.0,176.0,174.0,-2.0,170.0,12.0,17.0,20.0,VI,200007964,2025-04-12,2025-04-12,2025-04-16,3,Clear,OK,"Cut pieces,lower GSM",GSM Approved accepted w/o EC
Auro Textiles,Print,HOLP,LP,2025-04-02 00:00:00,F525LYSH7130,100% Cotton,2025-04-10,2025-04-10,3310054291,1013.0,,,1013.0,Print bowing,,1013.0,2025-04-15,8267.0,144.0,138.0,-6.0,134.0,2.0,3.0,6.0,VI,200007972,2025-04-15,2025-04-15,2025-04-16,2,RTS,OK,"Print bowing 6.5%,off shade,less width",RTS
Auro Textiles,Print,HOLP,LP,2025-04-02 00:00:00,F525LYSH7116,100% Cotton,2025-04-10,2025-04-10,3310054278,982.0,,,982.0,Print bowing,,982.0,2025-04-12,7822.0,144.0,138.0,-6.0,134.0,7.0,7.0,8.0,VI,200007971,2025-04-15,2025-04-15,2025-04-16,2,RTS,Not OK,"Print bowing 7.2%,less width",RTS
Auro Textiles,Solids,HOLP,LP,2025-04-02 00:00:00,F521LYSH8526,100% Cotton,2025-04-10,2025-04-10,3310054226,587.0,587.0,,,,,587.0,2025-04-12,8713.0,144.0,138.0,-6.0,135.0,9.0,9.0,9.0,SG,200007948,2025-04-15,2025-04-15,2025-04-16,1,Clear,Not OK,"Off shade,Less width 138cm ( Sap width 144cm)",Shades Approved by brand
Arvind Ltd,Print,HOLP,LP,2025-04-02 00:00:00,F324LPSH5037,100% Cotton,2025-04-09,2025-04-09,3310041979,826.0,,,826.0,Bad smell,,826.0,2025-04-11,8080.0,137.0,150.0,13.0,145.0,9.0,11.0,14.0,VI,200007947,2025-04-15,2025-04-15,2025-04-16,1,RTS,Not OK,Bad smell,RTS
Ankush Knitting Works Pvt Ltd,Solids,HOLP,LP,2025-04-02 00:00:00,F324LYSH2440,100% Cotton,2025-04-07,2025-04-07,3310054253,157.9,,,157.9,Soak test,,157.9,2025-04-10,8947.0,144.0,238.0,94.0,234.0,12.0,21.0,33.0,Lab / VI,200007983,2025-04-15,2025-04-15,2025-04-16,1,RTS,Not OK,"Streaky,lab soak test 2*",RTS
Penfabric Sdn. Berhad,Solids,HOAS,AS,2025-04-02 00:00:00,F319ASSH5580,100% Cotton,2025-04-10,2025-04-10,3310053829,1491.0,1491.0,,,,,1491.0,2025-04-12,9176.0,145.0,151.0,6.0,148.0,2.0,3.0,4.0,VI,200007982,2025-04-15,2025-04-15,2025-04-16,1,Clear,Not OK,Contamination,3% EC qty need to post brand cost centre
Penfabric Sdn. Berhad,Solids,HOAS,AS,2025-04-02 00:00:00,F520ASSH7401,100% Cotton,2025-04-10,2025-04-10,3310053829,1908.0,1908.0,,,,,1908.0,2025-04-15,9178.0,145.0,150.0,5.0,147.0,2.0,3.0,5.0,VI,200007981,2025-04-15,2025-04-15,2025-04-16,1,Clear,Not OK,Contamination,3% EC qty need to post brand cost centre
Penfabric Sdn. Berhad,Solids,HOAS,AS,2025-04-02 00:00:00,F520ASSH7407,100% Cotton,2025-04-10,2025-04-10,3310053829,1340.0,1340.0,,,,,1340.0,2025-04-12,7817.0,145.0,151.0,6.0,148.0,33.0,35.0,36.0,VI,200007977,2025-04-15,2025-04-15,2025-04-16,1,Clear,Not OK,Contamination,3% EC qty need to post brand cost centre
Penfabric Sdn. Berhad,Solids,HOAS,AS,2025-04-02 00:00:00,F520ASSH7408,100% Cotton,2025-04-10,2025-04-10,3310053829,2715.0,2715.0,,,,,2715.0,2025-04-12,8784.0,145.0,151.0,6.0,148.0,4.0,6.0,17.0,VI,200007974,2025-04-15,2025-04-15,2025-04-16,1,Clear,Not OK,Contamination,3% EC qty need to post brand cost centre
Penfabric Sdn. Berhad,Solids,HOAS,AS,2025-04-02 00:00:00,FA1ASSH253,100% Cotton,2025-04-10,2025-04-10,3310053829,1269.0,1269.0,,,,,1269.0,2025-04-15,8718.0,145.0,151.0,6.0,148.0,13.0,14.0,14.0,VI,200007980,2025-04-15,2025-04-15,2025-04-16,1,Clear,Not OK,"Contamination,off shade",3% EC qty need to post brand cost centre
Penfabric Sdn. Berhad,Solids,HOAS,AS,2025-04-02 00:00:00,FA1ASSH251,100% Cotton,2025-04-10,2025-04-10,3310053829,1040.0,1040.0,,,,,1040.0,2025-04-12,8714.0,145.0,150.0,5.0,147.0,7.0,12.0,19.0,VI,200007978,2025-04-15,2025-04-15,2025-04-16,1,Clear,Not OK,Contamination,3% EC qty need to post brand cost centre
Penfabric Sdn. Berhad,Solids,HOAS,AS,2025-04-02 00:00:00,FA1ASSH250,100% Cotton,2025-04-10,2025-04-10,3310053829,875.0,875.0,,,,,875.0,2025-04-12,7821.0,145.0,150.0,5.0,147.0,35.0,36.0,38.0,VI,200007976,2025-04-15,2025-04-15,2025-04-16,1,Clear,Not OK,Contamination,3% EC qty need to post brand cost centre
Penfabric Sdn. Berhad,Solids,HOAS,AS,2025-04-02 00:00:00,FA1ASSH252,100% Cotton,2025-04-10,2025-04-10,3310053829,1168.0,1168.0,,,,,1168.0,2025-04-12,7820.0,145.0,151.0,6.0,148.0,5.0,6.0,8.0,VI / SG,200007975,2025-04-15,2025-04-15,2025-04-16,1,Clear,Not OK,"Contamination,off shade",3% EC qty need to post brand cost centre
Auro Textiles,Solids,HOAS,AS,2025-04-02 00:00:00,F323ASSH5904,100% Cotton,2025-04-10,2025-04-10,3310053669,1557.0,,1557.0,,Contamination,5.0,1557.0,2025-04-12,8085.0,138.0,153.0,15.0,149.0,43.0,48.0,50.0,VI,200007973,2025-04-15,2025-04-15,2025-04-17,2,EC,OK,Contamination,Accepted with 5% EC for recut
Arama Tessile,Print,HOAS,AS,2025-04-02 00:00:00,F325ASSH6122,100% Cotton,2025-04-09,2025-04-09,3310051822,585.0,585.0,,,,,585.0,2025-04-12,9175.0,138.0,144.0,6.0,141.0,3.0,4.0,5.0,SG,200007970,2025-04-15,2025-04-15,2025-04-16,1,Clear,Not OK,Off shade,Shades Approved by brand
Arama Tessile,Print,HOAS,AS,2025-04-02 00:00:00,F325ASSH6119,100% Cotton,2025-04-09,2025-04-09,3310051818,630.0,630.0,,,,,630.0,2025-04-12,8230.0,138.0,144.0,6.0,141.0,12.0,12.0,13.0,SG,200007949,2025-04-15,2025-04-15,2025-04-16,1,Clear,Not OK,Off shade,Shades Approved by brand
Ankush Knitting Works Pvt Ltd,Solids,HOLP,LP,2025-04-02 00:00:00,F324LYSH3020,100% Cotton,2025-04-11,2025-04-11,3310048651,459.58,,,459.58,Soak test,,459.58,2025-04-10,8949.0,137.0,238.0,101.0,234.0,9.0,16.0,18.0,Lab,200007828,2025-04-16,2025-04-16,2025-04-16,0,RTS,OK,Lab soak test,RTS
Auro Textiles,Print,HOLP,LP,2025-04-02 00:00:00,F525LYSH7100,100% Cotton,2025-04-11,2025-04-11,3310054257,956.0,,,956.0,Bowing,,956.0,2025-04-12,8090.0,144.0,138.0,-6.0,134.0,2.0,2.0,3.0,VI,200007827,2025-04-16,2025-04-16,2025-04-24,6,RTS,OK,"Print bowing 7.2%,less width",RTS
Auro Textiles,Print,HOAS,AS,2025-04-02 00:00:00,F521ASSH7135,100% Cotton,2025-04-10,2025-04-10,3310057246,1439.0,,1439.0,,Contamination,5.0,1439.0,2025-04-12,8086.0,145.0,148.0,3.0,144.0,56.0,67.0,74.0,VI,200007884,2025-04-16,2025-04-16,2025-04-24,6,EC,OK,Contamination,Accepted with 5% EC for recut based the approval
Raymond Luxury Cottons Ltd,Solids,HOLP,LP,2025-04-02 00:00:00,F1LPS0062,100% Cotton,2025-04-12,2025-04-12,3310055307,1663.0,1623.0,,40.0,Wrong bale,,1663.0,2025-04-16,8281.0,137.0,146.0,9.0,142.0,4.0,7.0,10.0,WD,200007928,2025-04-17,2025-04-17,2025-04-17,0,Clear,OK,Wrong bale,Wrong bale - 40 mtrs RTS balance ok
Auro Textiles,Print,HOLP,LP,2025-04-02 00:00:00,F525LYSH7127,100% Cotton,2025-04-12,2025-04-12,3310054288,925.0,,,925.0,Bowing,,925.0,2025-04-17,9190.0,144.0,137.0,-7.0,134.0,5.0,6.0,7.0,VI,200008028,2025-04-18,2025-04-18,2025-04-24,4,RTS,OK,"Print bowing 7.8%,less width ",RTS
Auro Textiles,Solids,HOLP,LP,2025-04-02 00:00:00,F325ASSH1154,100% Cotton,2025-04-12,2025-04-12,3310058745,1021.0,,,1021.0,seam slippage,,1021.0,2025-04-17,8801.0,145.0,146.0,1.0,142.0,9.0,12.0,19.0,Lab,200008014,2025-04-18,2025-04-18,2025-04-24,4,RTS,OK,Lab seam slippage weft 9.2*,RTS
W F B Baird & Company (India),Solids,HOAS,AS,2025-04-02 00:00:00,F325ASSH6062,100% Cotton,2025-04-15,2025-04-15,3310053667,816.6,816.6,,,,,816.6,2025-04-19,8731.0,147.0,149.0,2.0,146.0,21.0,29.0,37.0,VI,200007994,2025-04-19,2025-04-19,2025-04-22,2,Clear,OK,"All roll continue streaky,off shade",Streaky Approved after wash - shades approved by brand
Shahlon Silk Industries Pvt Ltd,Solids,VHWW,VW,2025-04-02 00:00:00,F324VWTS6286,100% Cotton,2025-04-15,2025-04-15,3310041611,969.7,,,969.7,"Stain,yarn pull",,969.7,2025-04-16,9188.0,110.0,112.0,2.0,110.0,46.0,79.0,121.0,VI,200007991,2025-04-19,2025-04-19,2025-04-23,3,RTS,OK,"Stain, Yarn pull",RTS
Louvre Textile Co Ltd,Solids,HOLP,LP,2025-04-02 00:00:00,F525LPSH6905,100% Cotton,2025-04-12,2025-04-12,3310053871,1611.0,1611.0,,,,,1611.0,2025-04-18,8137.0,150.0,155.0,5.0,152.0,8.0,9.0,10.0,VI,200007992,2025-04-19,2025-04-19,2025-04-22,2,Clear,OK,All roll Neps,As discussed& review bit with Ravi sir & Jothi sir will close 3%EC to Sourcing cost center
Louvre Textile Co Ltd,Solids,HOLP,LP,2025-04-02 00:00:00,F525LPSH6864,100% Cotton,2025-04-12,2025-04-12,3310053871,1636.6,1636.6,,,,,1636.6,2025-04-19,8519.0,150.0,153.0,3.0,150.0,5.0,8.0,12.0,VI,200007993,2025-04-19,2025-04-19,2025-04-21,1,Clear,OK,Crease mark,130 mtrs accepted with 5% EC post for cost centre balance w/o EC
Louvre Textile Co Ltd,Solids,HOLP,LP,2025-04-02 00:00:00,F525LPSH6912,100% Cotton,2025-04-12,2025-04-12,3310053871,1524.0,1524.0,,,,,1524.0,2025-04-19,8982.0,150.0,153.0,3.0,152.0,6.0,10.0,13.0,VI,200007995,2025-04-19,2025-04-19,2025-04-22,2,Clear,OK,All roll neps,As discussed& review bit with Ravi sir & Jothi sir will close 3%EC to Sourcing cost center
Auro Textiles,Print,HOLP,LP,2025-04-02 00:00:00,F525LYSH7117,100% Cotton,2025-04-15,2025-04-15,3310054279,1123.0,,,1123.0,Bowing,,1123.0,2025-04-19,9191.0,144.0,137.0,-7.0,134.0,4.0,5.0,5.0,VI,200007829,2025-04-19,2025-04-19,2025-04-24,3,RTS,OK,"Bowing 5.8*, less width",RTS
W F B Baird & Company (India),Solids,HOAS,AS,2025-04-02 00:00:00,F325ASSH6061,100% Cotton,2025-04-15,2025-04-15,3310053658,801.976,801.976,,,,,801.976,2025-04-21,8278.0,147.0,146.0,-1.0,142.0,16.0,16.0,17.0,VI,200007909,2025-04-21,2025-04-21,2025-04-22,1,Clear,OK,Streaky,Streaky Approved after wash 
W F B Baird & Company (India),Solids,HOAS,AS,2025-04-02 00:00:00,F325ASSH6060,100% Cotton,2025-04-15,2025-04-15,3310053657,812.262,812.262,,,,,812.262,2025-04-21,8630.0,147.0,146.0,-1.0,142.0,35.0,38.0,46.0,VI,200007908,2025-04-21,2025-04-21,2025-04-22,1,Clear,OK,Streaky,Streaky Approved after wash 
Aarti International Ltd,Solids,HOLP,LP,2025-04-02 00:00:00,F525LRKP6387,100% Cotton,2025-04-15,2025-04-15,3310054471,41.9,41.9,,,,,41.9,2025-04-21,8988.0,176.0,177.0,1.0,174.0,19.0,29.0,40.0,VI,200008093,2025-04-22,2025-04-22,2025-04-23,1,Clear,OK,Holes,Considering trim fabric Accepted w/o EC
Ankush Knitting Works Pvt Ltd,Solids,HOLP,LP,2025-04-02 00:00:00,F324LYSH2446,100% Cotton,2025-04-15,2025-04-15,3310048606,262.58,,262.58,,Holes,2.0,262.58,2025-04-21,8992.0,137.0,228.0,91.0,225.0,31.0,35.0,45.0,VI,200008091,2025-04-22,2025-04-22,2025-04-24,2,EC,Not OK,Holes,Accepted with 4% EC for recut
Louvre Textile Co Ltd,Yarn Dyed,HOLP,LP,2025-04-02 00:00:00,F525LPSH6924,100% Cotton,2025-04-16,2025-04-16,3310053657,1481.5,1481.5,,,,,1481.5,2025-04-21,8738.0,150.0,155.0,5.0,152.0,8.0,9.0,10.0,Lab,200008090,2025-04-22,2025-04-22,2025-04-23,1,Clear,OK,Lab DP rating 2.5*,Lab Approved Accepted w/o EC
Louvre Textile Co Ltd,Yarn Dyed,HOLP,LP,2025-04-02 00:00:00,F525LPSH6911,100% Cotton,2025-04-16,2025-04-16,3310053657,1591.9,1591.9,,,,,1591.9,2025-04-21,8146.0,150.0,153.0,3.0,150.0,11.0,13.0,15.0,Lab,200007939,2025-04-22,2025-04-22,2025-04-23,1,Clear,OK,Lab DP rating 2.5*,Lab Approved Accepted w/o EC
Sri Balaji Textures,Yarn Dyed,VH CORP,VH,2025-04-02 00:00:00,F323VSSH4438,100% Cotton,2025-04-16,2025-04-16,3310053657,374.0,,374.0,,Holes,4.0,374.0,2025-04-21,8991.0,147.0,201.0,54.0,198.0,26.0,37.0,50.0,VI,200008092,2025-04-22,2025-04-22,2025-04-24,2,EC,OK,Holes,Accepted with 4% EC for recut
Sri Balaji Textures,Yarn Dyed,VH CORP,VH,2025-04-02 00:00:00,F323VSSH4438,100% Cotton,2025-04-16,2025-04-16,3310053657,30.0,,30.0,,Holes,4.0,30.0,2025-04-21,8991.0,147.0,201.0,54.0,198.0,26.0,37.0,50.0,VI,200007872,2025-04-22,2025-04-22,2025-04-24,2,EC,OK,Holes,Accepted with 4% EC for recut
Sri Balaji Textures,Yarn Dyed,VH CORP,VH,2025-04-02 00:00:00,F323VSSH4440,100% Cotton,2025-04-16,2025-04-16,3310053385,109.1,,109.1,,"Holes,broken pick",4.0,109.1,2025-04-22,9000.0,147.0,205.0,58.0,202.0,32.0,32.0,33.0,VI,200007877,2025-04-23,2025-04-23,2025-04-24,1,EC,OK,"Holes,broken pick",Accepted with 4% EC for recut
Auro Textiles,Print,HOLP,LP,2025-04-02 00:00:00,F523LYSH3977,100% Cotton,2025-04-17,2025-04-17,3310054234,758.0,,758.0,,csv,3.0,758.0,2025-04-22,8156.0,144.0,137.0,-7.0,134.0,7.0,11.0,14.0,VI,200007876,2025-04-23,2025-04-23,2025-04-24,1,EC,Not OK,"CSV,less width 137cm ( sap width - 144cm)",Accepted with 3% EC for csv
Geervani Impex,Print,HOAS,AS,2025-04-02 00:00:00,F325ALSH6740,100% Cotton,2025-04-19,2025-04-19,3310057440,610.0,487.0,,123.0,Off shade,,610.0,2025-04-22,8747.0,140.0,145.0,5.0,142.0,16.0,16.0,16.0,SG,200007875,2025-04-23,2025-04-23,2025-04-24,1,Clear,OK,Off shade,Shade C- 123 mtrs RTS balance ok
Geervani Impex,Print,HOAS,AS,2025-04-02 00:00:00,F325ALSH6733,100% Cotton,2025-04-19,2025-04-19,3310057682,649.0,,649.0,,Bowing,3.0,649.0,2025-04-22,8811.0,140.0,148.0,8.0,145.0,3.0,3.0,4.0,VI,200007874,2025-04-23,2025-04-23,2025-04-24,1,EC,OK,Bowing 4.5%,Accepted with 3% EC for buffer marker
Geervani Impex,Print,HOAS,AS,2025-04-02 00:00:00,F325ALSH6742,100% Cotton,2025-04-19,2025-04-19,3310057441,642.0,522.0,,120.0,Off shade,,642.0,2025-04-22,8810.0,140.0,142.0,2.0,139.0,6.0,6.0,7.0,SG,200007873,2025-04-23,2025-04-23,2025-04-24,1,Clear,OK,Off shade,Shade B- 120 mtrs RTS balance ok
Auro Textiles,Print,HOLP,LP,2025-04-02 00:00:00,F525LYSH7114,100% Cotton,2025-04-17,2025-04-17,3310054274,756.0,,,756.0,Bowing,,756.0,2025-04-23,8332.0,144.0,138.0,-6.0,134.0,4.0,5.0,5.0,VI,200008039,2025-04-24,2025-04-24,2025-04-24,0,RTS,OK,Print bowing 10.5%,RTS
Ankush Knitting Works Pvt Ltd,Solids,HOLP,LP,2025-04-02 00:00:00,F324LYSH2441,100% Cotton,2025-04-19,2025-04-19,3310054212,351.91,,351.91,,"Holes,warp line",3.0,351.91,2025-04-24,8637.0,144.0,228.0,84.0,224.0,18.0,26.0,35.0,VI,200008038,2025-04-24,2025-04-24,2025-04-24,0,EC,OK,"Holes,warp line",Accepted with 3% EC for recut
Raymond Luxury Cottons Ltd,Yarn Dyed,HOAS,AS,2025-04-02 00:00:00,F325AOSH5375,100% Cotton,2025-04-17,2025-04-17,3310057610,1024.5,1024.5,,,,,1024.5,2025-04-23,9611.0,140.0,145.0,5.0,142.0,1.0,1.0,1.0,SG,200008037,2025-04-24,2025-04-24,2025-04-24,0,Clear,OK,Off shade,Shades Approved by brand
Auro Textiles,Solids,HOAS,AS,2025-04-02 00:00:00,F325ALSH5109,100% Cotton,2025-04-18,2025-04-18,3310047351,1032.0,,1032.0,,Contamination,3.0,1032.0,2025-04-23,8329.0,145.0,145.0,0.0,142.0,23.0,31.0,37.0,VI,200008036,2025-04-24,2025-04-24,2025-04-24,0,EC,OK,Contamination,Accepted with 3% EC for recut
Auro Textiles,Print,HOAS,AS,2025-04-02 00:00:00,F325ASSH6591,100% Cotton,2025-04-19,2025-04-19,3310053753,774.0,,,774.0,Bowing,,774.0,2025-04-24,8817.0,138.0,137.0,-1.0,134.0,4.0,7.0,8.0,VI,200008035,2025-04-24,2025-04-24,2025-04-25,1,RTS,Not OK,Print bowing 10.5%,RTS
Raymond Luxury Cottons Ltd,Solids,HOAS,AH,2025-04-02 00:00:00,F322AHSH2728,100% Cotton,2025-04-22,2025-04-22,3310050249,713.0,,713.0,,Broken pick,3.0,713.0,2025-04-24,8557.0,137.0,144.0,7.0,140.0,30.0,32.0,34.0,VI,200008120,2025-04-24,2025-04-24,2025-04-24,0,EC,Not OK,Broken pick,Accepted with 3% EC for recut
Raymond Luxury Cottons Ltd,Solids,HOAS,AH,2025-04-02 00:00:00,F322AHSH2728,100% Cotton,2025-04-23,2025-04-23,3310050249,310.5,,310.5,,Broken pick,3.0,310.5,2025-04-24,8562.0,137.0,146.0,9.0,140.0,31.0,32.0,33.0,VI,200008058,2025-04-24,2025-04-24,2025-04-24,0,EC,Not OK,Broken pick,Accepted with 3% EC for recut
Auro Textiles,Solids,HOLP,LP,2025-04-02 00:00:00,F523LYSH3977,100% Cotton,2025-04-17,2025-04-17,3310054233,330.0,,330.0,,CSV,2.0,330.0,2025-04-24,8639.0,144.0,139.0,-5.0,136.0,10.0,11.0,11.0,SG,200008132,2025-04-25,2025-04-25,2025-04-25,0,EC,Not OK,CSV ,Accepted with 2% EC for csv
Disha Clothings Private Ltd,Solids,HOAS,AS,2025-04-02 00:00:00,F325ASSH6851,100% Cotton,2025-04-18,2025-04-18,3310059668,556.0,,556.0,,Contamination,5.0,556.0,2025-04-24,8564.0,133.0,144.0,11.0,139.0,38.0,41.0,43.0,VI,200008059,2025-04-25,2025-04-25,2025-04-25,0,EC,Not OK,Contamination,Accepted with 5% EC for recut ( FDR - 7.3 Mtrs short closed)
Disha Clothings Private Ltd,Solids,HOAS,AS,2025-04-02 00:00:00,F325ASSH6853,100% Cotton,2025-04-18,2025-04-18,3310059670,585.0,,,585.0,Contamination,,585.0,2025-04-24,609.0,133.0,144.0,11.0,140.0,58.0,73.0,94.0,VI,200008141,2025-04-25,2025-04-25,2025-04-25,0,RTS,Not OK,"Contamination,starting mark",RTS
Shahlon Silk Industries Pvt Ltd,Solids,VHWW,VW,2025-04-02 00:00:00,F324VWTS6286,100% Polyester,2025-04-18,2025-04-18,3310056780,977.5,,977.5,,Stain,5.0,977.5,2025-04-25,8346.0,110.0,111.0,1.0,107.0,28.0,44.0,70.0,VI,200008140,2025-04-25,2025-04-25,2025-04-26,1,EC,OK,Stain,Accepted with 5% EC for recut
Shahlon Silk Industries Pvt Ltd,Solids,VHWW,VW,2025-04-02 00:00:00,F323VWTS5296,100% Polyester,2025-04-17,2025-04-17,3310041614,989.75,,989.75,,"Holes, Yarn pull",3.0,989.75,2025-04-25,8349.0,110.0,113.0,3.0,109.0,32.0,46.0,54.0,Lab / VI,200008006,2025-04-25,2025-04-25,2025-04-30,4,EC,OK,"Holes,lab tear strength 638*",Accepted with 3% EC for recut
Shahlon Silk Industries Pvt Ltd,Solids,VHWW,VW,2025-04-02 00:00:00,F323VWTS5296,100% Polyester,2025-04-18,2025-04-18,3310056779,967.0,,967.0,,Holes,3.0,967.0,2025-04-25,8348.0,110.0,110.0,0.0,106.0,49.0,91.0,170.0,Lab / VI,200008005,2025-04-25,2025-04-25,2025-04-30,4,EC,OK,"Holes,Yarn pull,lab tear strength 638*",Accepted with 3% EC for recut
Shahlon Silk Industries Pvt Ltd,Solids,VHWW,VW,2025-04-02 00:00:00,F323VWTS5293,100% Polyester,2025-04-18,2025-04-18,3310056777,991.25,,991.25,,Stain,2.0,991.25,2025-04-25,8347.0,110.0,113.0,3.0,109.0,25.0,35.0,43.0,VI,200008004,2025-04-25,2025-04-25,2025-04-30,4,EC,OK,Stain,Accepted with 2% EC for recut
Ankush Knitting Works Pvt Ltd,Yarn Dyed,PE,PE,2025-04-02 00:00:00,F323PEKP7422,100% Cotton,2025-04-19,2025-04-19,3310052962,215.83,,215.83,,Holes,3.0,215.83,2025-04-24,8647.0,152.0,169.0,17.0,166.0,21.0,31.0,39.0,VI,200008007,2025-04-25,2025-04-25,2025-04-26,1,EC,OK,Holes,Accepted with 3% EC for recut
Hai Minh Textile Trading Ltd,Solids,HOLP,LP,2025-04-02 00:00:00,F323LYKP6191,100% Cotton,2025-04-21,2025-04-21,3310054142,364.8,364.8,,,,,364.8,2025-04-25,617.0,149.0,182.0,33.0,178.0,17.0,24.0,29.0,VI,200008008,2025-04-25,2025-04-25,2025-04-26,1,Clear,OK,Missing end,Considering Import fabric Accepted w/o EC ( Jothi sir)
Hai Minh Textile Trading Ltd,Solids,HOLP,LP,2025-04-02 00:00:00,F323LYKP6187,100% Cotton,2025-04-21,2025-04-21,3310054142,423.9,423.9,,,,,423.9,2025-04-25,8652.0,149.0,185.0,36.0,182.0,17.0,20.0,33.0,VI,200007959,2025-04-25,2025-04-25,2025-04-26,1,Clear,OK,Streaky,Considering Import fabric Accepted w/o EC ( Jothi sir)
SJK Trading India Pvt Ltd,Solids,HOAS,AS,2025-04-02 00:00:00,F525ASSH6773,100% Cotton,2025-04-22,2025-04-22,3310061546,366.7,,312.7,54.0,"Less width,cut pieces",2.0,366.7,2025-04-26,8193.0,140.0,136.0,-4.0,133.0,7.0,16.0,24.0,VI,200008122,2025-04-26,2025-04-26,2025-04-26,0,EC,OK,3 mtrs Cut pieces,One roll - 54 mtrs RTS balance 2% EC for less width
SJK Trading India Pvt Ltd,Solids,HOAS,AS,2025-04-02 00:00:00,F525ASSH6768,100% Cotton,2025-04-22,2025-04-22,3310061572,903.7,,903.7,,Stain,5.0,903.7,2025-04-26,9708.0,140.0,170.0,30.0,166.0,52.0,60.0,70.0,VI,200007878,2025-04-26,2025-04-26,2025-04-28,1,EC,OK,Stain,Accepted with 5% EC for recut
SJK Trading India Pvt Ltd,Solids,HOAS,AS,2025-04-02 00:00:00,F525ASSH6759,100% Cotton,2025-04-22,2025-04-22,3310061541,1002.3,1002.3,,,,,1002.3,2025-04-26,8658.0,140.0,170.0,30.0,167.0,6.0,9.0,11.0,VI,200007879,2025-04-26,2025-04-26,2025-04-30,3,Clear,OK,Weft streaky,Approved VC code
Auro Textiles,Print,HOAS,AS,2025-04-02 00:00:00,F325ASSH6991,100% Cotton,2025-04-23,2025-04-23,3310058720,854.0,,,854.0,Contamination,,854.0,2025-04-26,203.0,,137.0,137.0,134.0,5.0,7.0,9.0,VI,200008170,2025-04-28,2025-04-28,2025-04-28,0,RTS,OK,Contamination in every mtrs,RTS
W F B Baird & Company (India),Solids,HOAS,AS,2025-04-02 00:00:00,F325ASSH6149,100% Cotton,2025-04-23,2025-04-23,3310053713,912.541,,912.541,,"CSV,Less width",5.0,912.541,2025-04-26,8587.0,143.0,139.0,-4.0,136.0,15.0,16.0,18.0,VI / CSV,200008171,2025-04-28,2025-04-28,2025-04-28,0,EC,Not OK,"CSV,lESs width 139cm ( sap width - 143cm)","Accepted with 5% EC for less width,csv"
Hai Minh Textile Trading Ltd,Solids,HOLP,LP,2025-04-02 00:00:00,F323LYKP6186,100% Cotton,2025-04-21,2025-04-21,3310054142,526.0,,526.0,,Missing end,1.0,526.0,2025-04-25,621.0,149.0,193.0,44.0,189.0,10.0,25.0,59.0,VI,200007887,2025-04-28,2025-04-28,2025-04-30,3,EC,OK,Missing end,Accepted with 1% EC for recut
Ankush Knitting Works Pvt Ltd,Solids,HOLP,LP,2025-04-02 00:00:00,F525LYSH6347,100% Cotton,2025-04-24,2025-04-24,3310054264,507.74,485.24,,22.5,Rubber mark,,507.74,2025-04-28,639.0,144.0,228.0,84.0,225.0,11.0,16.0,28.0,VI,200008180,2025-04-29,2025-04-29,2025-04-29,0,Clear,OK,Rubber mark,22.5 kg RTS balance ok
Ankush Knitting Works Pvt Ltd,Solids,HOLP,LP,2025-04-02 00:00:00,F525LYSH6347,100% Cotton,2025-04-24,2025-04-24,3310054264,484.56,,484.56,,"Holes,rubber mark",3.0,484.56,2025-04-29,641.0,144.0,228.0,84.0,225.0,19.0,28.0,42.0,VI,200008181,2025-04-29,2025-04-29,2025-04-29,0,EC,OK,"Rubber mark,holes",Accepted with 3% EC for recut
Auro Textiles,Print,HOAS,AS,2025-04-02 00:00:00,F325AOSH5829,100% Cotton,2025-04-24,2025-04-24,3310057606,923.0,,923.0,,Patches,2.0,923.0,2025-04-28,8595.0,140.0,138.0,-2.0,134.0,6.0,27.0,45.0,VI,200008183,2025-04-29,2025-04-29,2025-04-29,0,EC,OK,Patches,Accepted with 2% EC for recut
Sri Balaji Textures,Print,HOAS,AS,2025-04-02 00:00:00,F325ATSH2297,100% Cotton,2025-04-25,2025-04-25,3310048136,255.8,,255.8,,"Cut pieces, Holes",4.0,255.8,2025-04-28,8667.0,145.0,158.0,13.0,153.0,26.0,37.0,63.0,VI,200008182,2025-04-29,2025-04-29,2025-04-29,0,EC,Not OK,"Holes,cut pieces",Accepted with 4% EC for recut
Cotonificio Albini Spa,Solids,HOLP,LP,2025-04-03 00:00:00,F325LXSH7165,100% Cotton,2025-03-28,2025-03-28,3310051434,248.32,243.527,,4.793000000000006,,,248.32,2025-04-02,,137.0,146.0,,,,,,,400004790,2025-04-02,2025-04-02,2025-04-05,1,,OK,Mtrs shortage ,4.7 Mtrs posting for sourcing cost centre
Arvind Ltd,Solids,HOLP,LP,2025-04-04 00:00:00,F325LPSH2426,100% Cotton,2025-03-28,2025-03-28,3310048433,2302.0,2271.614,,30.385999999999967,,,2302.0,2025-04-02,,137.0,147.0,,,,,,,400004792,2025-04-02,2025-04-02,2025-04-03,1,,OK,Mtrs shortage ,30.3 Mtrs short closed
Arvind Ltd,Solids,HOLP,LP,2025-04-05 00:00:00,F324LPSH5036,100% Cotton,2025-03-28,2025-03-28,3310041978,1013.0,994.969,,18.03099999999995,,,1013.0,2025-04-02,,137.0,150.0,,,,,,,400004791,2025-04-02,2025-04-02,2025-04-03,1,,OK,Mtrs shortage ,18 Mtrs short closed
Nsl Textiles Limited,Solids,HOAS,AS,2025-04-07 00:00:00,F325ABSH778,100% Cotton,2025-03-29,2025-03-29,3310052181,1235.0,1219.81,,15.190000000000055,,,1235.0,2025-04-02,,139.0,144.0,,,,,,,400004793,2025-04-02,2025-04-02,2025-04-03,1,,OK,Mtrs shortage ,15.1 Mtrs short closed
Krishna Alkali (Bombay) Pvt Ltd,Solids,SC,SC,2025-04-08 00:00:00,F325SCSH7860,100% Cotton,2025-04-02,2025-04-02,3310052586,389.5,382.372,,7.127999999999986,,,389.5,2025-04-04,,142.0,150.0,,,,,,,400004607,2025-04-04,2025-04-04,2025-04-04,3,,OK,Mtrs shortage ,7.1 Mtrs short closed
Arvind Ltd,Solids,HOLP,LP,2025-04-09 00:00:00,F325LYSH3544,100% Cotton,2025-04-02,2025-04-02,3310048687,1600.0,1578.24,,21.75999999999999,,,1600.0,2025-04-05,,137.0,150.0,,,,,,,400004718,2025-04-05,2025-04-05,2025-04-07,1,,OK,Mtrs shortage ,21.7 Mtrs short closed
Arvind Ltd,Solids,HOLP,LP,2025-04-10 00:00:00,F325LPSH4905,100% Cotton,2025-04-02,2025-04-02,3310048459,1409.0,1403.0,,6.0,,,1409.0,2025-04-05,,137.0,145.0,,,,,,,400004717,2025-04-05,2025-04-05,2025-04-07,1,,OK,Mtrs shortage ,6 Mtrs short closed
Arvind Ltd,Solids,HOLP,LP,2025-04-11 00:00:00,F323LPSH6044,100% Cotton,2025-04-02,2025-04-02,3310048430,1824.0,1788.25,,35.75,,,1824.0,2025-04-05,,137.0,158.0,,,,,,,400004716,2025-04-05,2025-04-05,2025-04-07,1,,OK,Mtrs shortage ,35.7 Mtrs short closed
Premier Fabrics Sourcing LLP,Solids,HOAS,AS,2025-04-12 00:00:00,F325ASSH7261,100% Cotton,2025-03-29,2025-03-29,3310058888,696.0,686.465,,9.534999999999968,,,696.0,2025-04-05,,140.0,147.0,,,,,,,400004715,2025-04-05,2025-04-05,2025-04-07,1,,OK,Mtrs shortage ,9.5 Mtrs short closed
Premier Spg & Wvg Mills Pvt Ltd,Solids,HOAS,AS,2025-04-14 00:00:00,F521ASSH9441,100% Cotton,2025-04-03,2025-04-03,3310055845,12896.0,12739.958,,156.04199999999946,,,12896.0,2025-04-07,,144.0,147.0,,,,,,,400004618,2025-04-07,2025-04-07,2025-04-08,1,,OK,Mtrs shortage ,156 Mtrs short closed
Premier Fabrics Sourcing LLP,Solids,HOAS,AS,2025-04-15 00:00:00,F525ABSH5785,100% Cotton,2025-04-03,2025-04-03,3310058679,309.0,297.134,,11.865999999999985,,,309.0,2025-04-08,,140.0,146.0,,,,,,,400004786,2025-04-08,2025-04-08,2025-04-08,0,,OK,Mtrs shortage ,11.8 Mtrs short closed
Premier Fabrics Sourcing LLP,Solids,HOAS,AS,2025-04-16 00:00:00,F525ABSH5771,100% Cotton,2025-04-03,2025-04-03,3310058703,300.0,296.31,,3.6899999999999977,,,300.0,2025-04-08,,140.0,147.0,,,,,,,400004787,2025-04-08,2025-04-08,2025-04-08,0,,OK,Mtrs shortage ,3.6 Mtrs short closed
Rajapalayam Pvt Ltd,Solids,HOLP,LP,2025-04-17 00:00:00,F523LRSH3917,100% Cotton,2025-04-04,2025-04-04,3310058998,879.9,866.438,,13.461999999999989,,,879.9,2025-04-08,,145.0,150.0,,,,,,,400004788,2025-04-08,2025-04-08,2025-04-08,2,,OK,Mtrs shortage ,13.4 Mtrs short closed
Rajapalayam Pvt Ltd,Solids,HOLP,LP,2025-04-18 00:00:00,F525LYSH4065,100% Cotton,2025-04-07,2025-04-07,3310052428,943.57,943.57,,0.0,,,943.57,2025-04-08,,151.0,148.0,,,,,,,400004820,2025-04-08,2025-04-08,2025-04-10,2,,OK,Less width,As per PI correct width received(Typo error).
Rajapalayam Pvt Ltd,Solids,HOLP,LP,2025-04-19 00:00:00,F525LYSH4411,100% Cotton,2025-04-07,2025-04-07,3310052446,983.71,983.71,,0.0,,,983.71,2025-04-08,,151.0,148.0,,,,,,,400004822,2025-04-08,2025-04-08,2025-04-10,2,,OK,Less width,As per PI correct width received(Typo error).
Arama Tessile,Solids,HOAS,AS,2025-04-20 00:00:00,F325ASSH6117,100% Cotton,2025-04-09,2025-04-09,3310051816,591.0,583.199,,7.801000000000045,,,591.0,2025-04-12,,138.0,145.0,,,,,,,400004756,2025-04-12,2025-04-12,2025-04-16,3,,OK,Mtrs shortage ,7.8 mtrs short closed
Arama Tessile,Solids,HOAS,AS,2025-04-21 00:00:00,F325ASSH6114,100% Cotton,2025-04-09,2025-04-09,3310051813,574.0,562.52,,11.480000000000018,,,574.0,2025-04-12,,138.0,145.0,,,,,,,400004757,2025-04-12,2025-04-12,2025-04-16,3,,OK,Mtrs shortage ,11.4 mtrs short closed
Arvind Ltd,Solids,HOLP,LP,2025-04-22 00:00:00,F325LPSH4894,100% Cotton,2025-04-09,2025-04-09,3310048975,819.0,802.62,,16.379999999999995,,,819.0,2025-04-12,,137.0,153.0,,,,,,,400004754,2025-04-12,2025-04-12,2025-04-15,1,,OK,Mtrs shortage ,16.3 mtrs short closed
Arvind Ltd,Solids,HOLP,LP,2025-04-23 00:00:00,F325LPSH4897,100% Cotton,2025-04-09,2025-04-09,3310048977,842.0,825.16,,16.840000000000032,,,842.0,2025-04-12,,137.0,152.0,,,,,,,400004753,2025-04-12,2025-04-12,2025-04-15,1,,OK,Mtrs shortage ,16.8 mtrs short closed
Auro Textiles,Solids,HOAS,AS,2025-04-24 00:00:00,F325ABSH131,100% Cotton,2025-04-10,2025-04-10,3310056525,2020.0,1870.0,,150.0,,,2020.0,2025-04-15,,142.0,150.0,,,,,,,400004872,2025-04-15,2025-04-15,2025-04-15,3,,OK,Bale Shortage ,150 mtrs short closed
Auro Textiles,Solids,HOLP,LP,2025-04-27 00:00:00,F324LYSH2176,100% Cotton,2025-04-10,2025-04-10,3310054224,711.0,711.0,,0.0,,,711.0,2025-04-15,,144.0,139.0,,,,,,,400004766,2025-04-15,2025-04-15,2025-04-15,0,,OK,Less width,As per PI correct width received(Typo error).
Auro Textiles,Solids,HOLP,LP,2025-04-29 00:00:00,F324LYSH2171,100% Cotton,2025-04-10,2025-04-10,3310054217,730.0,730.0,,0.0,,,730.0,2025-04-15,,144.0,137.0,,,,,,,400004698,2025-04-15,2025-04-15,2025-04-15,0,,OK,Less width,As per PI correct width received(Typo error).
Auro Textiles,Solids,HOLP,LP,2025-04-30 00:00:00,F525LYSH7112,100% Cotton,2025-04-10,2025-04-10,3310054271,723.0,723.0,,0.0,,,723.0,2025-04-15,,144.0,137.0,,,,,,,400004825,2025-04-15,2025-04-15,2025-04-15,0,,OK,Less width,As per PI correct width received(Typo error).
Auro Textiles,Solids,HOLP,LP,2025-05-01 00:00:00,F525LYSH7111,100% Cotton,2025-04-10,2025-04-10,3310054270,708.0,708.0,,0.0,,,708.0,2025-04-15,,144.0,138.0,,,,,,,400004861,2025-04-15,2025-04-15,2025-04-15,0,,OK,Less width,As per PI correct width received(Typo error).
Auro Textiles,Solids,HOLP,LP,2025-05-02 00:00:00,F525LYSH7106,100% Cotton,2025-04-10,2025-04-10,3310054263,703.0,703.0,,0.0,,,703.0,2025-04-15,,144.0,137.0,,,,,,,400004812,2025-04-15,2025-04-15,2025-04-16,1,,OK,Less width,As per PI correct width received(Typo error).
Auro Textiles,Solids,HOLP,LP,2025-05-03 00:00:00,F525LYSH7113,100% Cotton,2025-04-10,2025-04-10,3310054272,987.0,987.0,,0.0,,,987.0,2025-04-15,,144.0,137.0,,,,,,,400004814,2025-04-15,2025-04-15,2025-04-16,1,,OK,Less width,As per PI correct width received(Typo error).
Auro Textiles,Solids,HOLP,LP,2025-05-04 00:00:00,F525LYSH7108,100% Cotton,2025-04-10,2025-04-10,3310054266,1164.0,1164.0,,0.0,,,1164.0,2025-04-15,,144.0,137.0,,,,,,,400004813,2025-04-15,2025-04-15,2025-04-16,1,,OK,Less width,As per PI correct width received(Typo error).
Auro Textiles,Solids,HOLP,LP,2025-05-05 00:00:00,F525LYSH7099,100% Cotton,2025-04-10,2025-04-10,3310054256,947.0,947.0,,0.0,,,947.0,2025-04-16,,144.0,139.0,,,,,,,400004845,2025-04-16,2025-04-16,2025-04-16,0,,OK,Less width,As per PI correct width received(Typo error).
Auro Textiles,Solids,HOLP,LP,2025-05-06 00:00:00,F320LYSH2154,100% Cotton,2025-04-11,2025-04-11,3310054275,1050.0,1050.0,,0.0,,,1050.0,2025-04-16,,144.0,137.0,,,,,,,400004846,2025-04-16,2025-04-16,2025-04-16,0,,OK,Less width,As per PI correct width received(Typo error).
Auro Textiles,Solids,HOLP,LP,2025-05-08 00:00:00,F323LYSH1773,100% Cotton,2025-04-11,2025-04-11,3310054286,686.0,686.0,,0.0,,,686.0,2025-04-16,,144.0,137.0,,,,,,,400004844,2025-04-16,2025-04-16,2025-04-16,0,,OK,Less width,As per PI correct width received(Typo error).
Auro Textiles,Solids,HOLP,LP,2025-05-10 00:00:00,F523LYSH2694,100% Cotton,2025-04-10,2025-04-10,3310054228,568.0,568.0,,0.0,,,568.0,2025-04-16,,144.0,139.0,,,,,,,400004892,2025-04-16,2025-04-16,2025-04-17,1,,OK,Less width,As per PI correct width received(Typo error).
Auro Textiles,Solids,HOLP,LP,2025-05-11 00:00:00,F525LYSH7102,100% Cotton,2025-04-11,2025-04-11,3310054259,1007.0,1007.0,,0.0,,,1007.0,2025-04-16,,144.0,138.0,,,,,,,400004891,2025-04-16,2025-04-16,2025-04-17,1,,OK,Less width,As per PI correct width received(Typo error).
Auro Textiles,Solids,HOLP,LP,2025-05-12 00:00:00,F525LYSH7118,100% Cotton,2025-04-11,2025-04-11,3310054280,1177.0,1177.0,,0.0,,,1177.0,2025-04-16,,144.0,138.0,,,,,,,400004890,2025-04-16,2025-04-16,2025-04-17,1,,OK,Less width,As per PI correct width received(Typo error).
Auro Textiles,Solids,HOLP,LP,2025-05-13 00:00:00,F525LYSH7121,100% Cotton,2025-04-11,2025-04-11,3310054283,768.0,768.0,,0.0,,,768.0,2025-04-17,,144.0,139.0,,,,,,,400004835,2025-04-17,2025-04-17,2025-04-17,0,,OK,Less width,As per PI correct width received(Typo error).
Auro Textiles,Solids,HOLP,LP,2025-05-15 00:00:00,F324LYSH2170,100% Cotton,2025-04-11,2025-04-11,3310055741,379.0,379.0,,0.0,,,379.0,2025-04-18,,145.0,138.0,,,,,,,400004837,2025-04-18,2025-04-18,2025-04-18,0,,OK,Less width,As per PI correct width received(Typo error).
Auro Textiles,Solids,HOLP,LP,2025-05-17 00:00:00,F525LYSH7104,100% Cotton,2025-04-12,2025-04-12,3310054261,936.5,936.5,,0.0,,,936.5,2025-04-18,,144.0,137.0,,,,,,,400004875,2025-04-18,2025-04-18,2025-04-18,0,,OK,Less width,As per PI correct width received(Typo error).
Auro Textiles,Solids,HOLP,LP,2025-05-18 00:00:00,F525LYSH7129,100% Cotton,2025-04-12,2025-04-12,3310054290,745.0,745.0,,0.0,,,745.0,2025-04-18,,144.0,138.0,,,,,,,400004853,2025-04-18,2025-04-18,2025-04-18,0,,OK,Less width,As per PI correct width received(Typo error).
Auro Textiles,Solids,HOLP,LP,2025-05-19 00:00:00,F525LYSH7105,100% Cotton,2025-04-12,2025-04-12,3310054262,642.0,642.0,,0.0,,,642.0,2025-04-18,,144.0,138.0,,,,,,,400004852,2025-04-18,2025-04-18,2025-04-18,0,,OK,Less width,As per PI correct width received(Typo error).
W F B Baird & Company (India),Solids,HOAS,AS,2025-05-21 00:00:00,F325ASSH6056,100% Cotton,2025-04-15,2025-04-15,3310053656,823.315,811.774,,11.541000000000054,,,823.315,2025-04-21,,147.0,150.0,,,,,,,400004829,2025-04-21,2025-04-21,2025-04-22,1,,OK,Mtrs shortage ,11.5 Mtrs short closed
Auro Textiles,Solids,HOLP,LP,2025-05-22 00:00:00,F324LYSH2171,100% Cotton,2025-04-15,2025-04-15,3310054219,757.0,757.0,,0.0,,,757.0,2025-04-21,,144.0,137.0,,,,,,,400004865,2025-04-21,2025-04-21,2025-04-21,0,,OK,Less width,As per PI correct width received(Typo error).
Auro Textiles,Solids,HOLP,LP,2025-05-23 00:00:00,F324LYSH2171,100% Cotton,2025-04-17,2025-04-17,3310054218,334.0,334.0,,0.0,,,334.0,2025-04-21,,144.0,137.0,,,,,,,400004798,2025-04-21,2025-04-21,2025-04-22,1,,OK,Less width,As per PI correct width received(Typo error).
Auro Textiles,Solids,HOLP,LP,2025-05-24 00:00:00,F525LYSH7115,100% Cotton,2025-04-17,2025-04-17,3310054277,754.0,754.0,,0.0,,,754.0,2025-04-22,,144.0,138.0,,,,,,,400004867,2025-04-22,2025-04-22,2025-04-22,0,,OK,Less width,As per PI correct width received(Typo error).
Auro Textiles,Solids,HOLP,LP,2025-05-25 00:00:00,F525LYSH7126,100% Cotton,2025-04-18,2025-04-18,3310054287,1041.0,1041.0,,0.0,,,1041.0,2025-04-23,,144.0,138.0,,,,,,,400004931,2025-04-23,2025-04-23,2025-04-23,0,,OK,Less width,As per PI correct width received(Typo error).
Auro Textiles,Solids,HOLP,LP,2025-05-26 00:00:00,F525LYSH7125,100% Cotton,2025-04-18,2025-04-18,3310054285,1058.0,1058.0,,0.0,,,1058.0,2025-04-23,,144.0,137.0,,,,,,,400004930,2025-04-23,2025-04-23,2025-04-23,0,,OK,Less width,As per PI correct width received(Typo error).
Auro Textiles,Solids,HOLP,LP,2025-05-27 00:00:00,F521LYSH8526,100% Cotton,2025-04-17,2025-04-17,3310054227,149.0,149.0,,0.0,,,149.0,2025-04-23,,144.0,138.5,,,,,,,400004877,2025-04-23,2025-04-23,2025-04-23,0,,OK,Less width,As per PI correct width received(Typo error).
Auro Textiles,Solids,HOLP,LP,2025-05-28 00:00:00,F523LYSH2694,100% Cotton,2025-04-17,2025-04-17,3310054229,310.0,310.0,,0.0,,,310.0,2025-04-23,,144.0,138.5,,,,,,,400004876,2025-04-23,2025-04-23,2025-04-23,0,,OK,Less width,As per PI correct width received(Typo error).
Auro Textiles,Solids,HOLP,LP,2025-05-29 00:00:00,F324LYSH2175,100% Cotton,2025-04-17,2025-04-17,3310054220,727.0,727.0,,0.0,,,727.0,2025-04-23,,144.0,138.0,,,,,,,400004940,2025-04-23,2025-04-23,2025-04-23,0,,OK,Less width,As per PI correct width received(Typo error).
Auro Textiles,Solids,HOLP,LP,2025-06-01 00:00:00,F324LYSH2170,100% Cotton,2025-04-17,2025-04-17,3310055742,766.0,766.0,,0.0,,,766.0,2025-04-24,,144.0,138.0,,,,,,,400004818,2025-04-24,2025-04-24,2025-04-24,0,,OK,Less width,As per PI correct width received(Typo error).
Auro Textiles,Solids,HOLP,LP,2025-06-02 00:00:00,F324LYSH2175,100% Cotton,2025-04-18,2025-04-18,3310054223,755.0,755.0,,0.0,,,755.0,2025-04-24,,144.0,138.0,,,,,,,400004878,2025-04-24,2025-04-24,2025-04-24,0,,OK,Less width,As per PI correct width received(Typo error).
Auro Textiles,Solids,HOLP,LP,2025-06-03 00:00:00,F523LYSH2694,100% Cotton,2025-04-17,2025-04-17,3310054230,759.0,759.0,,0.0,,,759.0,2025-04-24,,144.0,138.0,,,,,,,400004817,2025-04-24,2025-04-24,2025-04-24,0,,OK,Less width,As per PI correct width received(Typo error).
Auro Textiles,Solids,HOLP,LP,2025-06-04 00:00:00,F521LYSH8526,100% Cotton,2025-04-17,2025-04-17,3310050689,591.0,591.0,,0.0,,,591.0,2025-04-24,,144.0,139.0,,,,,,,400004961,2025-04-24,2025-04-24,2025-04-24,0,,OK,Less width,As per PI correct width received(Typo error).
Arvind Ltd,Solids,HOLP,LP,2025-06-05 00:00:00,F325LRSH6844,100% Cotton,2025-04-17,2025-04-17,3310048707,1048.0,1028.926,,19.07400000000007,,,1048.0,2025-04-24,,137.0,147.0,,,,,,,400004819,2025-04-24,2025-04-24,2025-04-25,1,,OK,Mtrs shortage ,19 Mtrs short closed
Auro Textiles,Solids,HOLP,LP,2025-06-06 00:00:00,F324LYSH2167,100% Cotton,2025-04-19,2025-04-19,3310056146,726.0,726.0,,0.0,,,726.0,2025-04-25,,145.0,138.0,,,,,,,400004971,2025-04-25,2025-04-25,2025-04-25,0,,OK,Less width,As per PI correct width received(Typo error).
Auro Textiles,Solids,HOLP,LP,2025-06-07 00:00:00,F525LYSH7107,100% Cotton,2025-04-17,2025-04-17,3310054265,735.0,735.0,,0.0,,,735.0,2025-04-25,,144.0,138.0,,,,,,,400004981,2025-04-25,2025-04-25,2025-04-25,0,,OK,Less width,As per PI correct width received(Typo error).
Auro Textiles,Solids,HOLP,LP,2025-06-08 00:00:00,F323LYSH1773,100% Cotton,2025-04-17,2025-04-17,3310054297,320.0,320.0,,0.0,,,320.0,2025-04-25,,144.0,138.0,,,,,,,400004982,2025-04-25,2025-04-25,2025-04-25,0,,OK,Less width,As per PI correct width received(Typo error).
Auro Textiles,Solids,HOLP,LP,2025-06-09 00:00:00,F323LYSH1773,100% Cotton,2025-04-17,2025-04-17,3310054297,756.0,756.0,,0.0,,,756.0,2025-04-25,,144.0,138.0,,,,,,,400004983,2025-04-25,2025-04-25,2025-04-25,0,,OK,Less width,As per PI correct width received(Typo error).
Auro Textiles,Solids,HOLP,LP,2025-06-10 00:00:00,F324LYSH2176,100% Cotton,2025-04-17,2025-04-17,3310054297,330.0,330.0,,0.0,,,330.0,2025-04-25,,144.0,138.0,,,,,,,400004985,2025-04-25,2025-04-25,2025-04-25,0,,OK,Less width,As per PI correct width received(Typo error).
Auro Textiles,Solids,HOLP,LP,2025-06-12 00:00:00,F525LYSH7110,100% Cotton,2025-04-17,2025-04-17,3310054269,765.0,765.0,,0.0,,,765.0,2025-04-25,,144.0,138.0,,,,,,,400004951,2025-04-25,2025-04-25,2025-04-25,0,,OK,Less width,As per PI correct width received(Typo error).
Nsl Textiles Limited,Solids,HOAS,AS,2025-06-14 00:00:00,F325ABSH6233,100% Cotton,2025-04-19,2025-04-19,3310052189,434.0,428.749,,5.250999999999976,,,434.0,2025-04-26,,139.0,142.0,,,,,,,400004975,2025-04-26,2025-04-26,2025-04-26,0,,OK,Mtrs shortage ,5.2 Mtrs short closed
SJK Trading India Pvt Ltd,Solids,HOAS,AS,2025-06-15 00:00:00,F525ASSH6753,100% Cotton,2025-04-22,2025-04-22,3310061535,558.3,533.679,,24.62099999999998,,,558.3,2025-04-26,,140.0,120.0,,,,,,,400004972,2025-04-26,2025-04-26,2025-04-28,1,,OK,"Mtrs shortage,Less width",24.6 mtrs short closed
SJK Trading India Pvt Ltd,Solids,HOAS,AS,2025-06-16 00:00:00,F525ASSH6599,100% Cotton,2025-04-22,2025-04-22,3310061579,1015.1,991.651,,23.44900000000007,,,1015.1,2025-04-26,,140.0,158.0,,,,,,,400004974,2025-04-26,2025-04-26,2025-04-26,0,,OK,Mtrs shortage ,23.4 Mtrs short closed
SJK Trading India Pvt Ltd,Solids,HOAS,AS,2025-06-17 00:00:00,F525ASSH6579,100% Cotton,2025-04-22,2025-04-22,3310061559,345.4,324.676,,20.72399999999999,,,345.4,2025-04-26,,140.0,154.0,,,,,,,400004973,2025-04-26,2025-04-26,2025-04-26,0,,OK,Mtrs shortage ,20.7 Mtrs short closed
SJK Trading India Pvt Ltd,Solids,HOAS,AS,2025-06-18 00:00:00,F525ASSH6580,100% Cotton,2025-04-22,2025-04-22,3310061560,380.0,374.148,,5.851999999999975,,,380.0,2025-04-26,,140.0,156.0,,,,,,,400004965,2025-04-26,2025-04-26,2025-04-26,0,,OK,Mtrs shortage ,5.8 Mtrs short closed
Arvind Ltd,Solids,HOLP,LP,2025-06-21 00:00:00,F325LRSH5434,100% Cotton,2025-04-23,2025-04-23,3310048597,1203.0,1184.113,,18.886999999999944,,,1203.0,2025-04-26,,137.0,152.0,,,,,,,400004942,2025-04-26,2025-04-26,2025-04-28,1,,OK,Mtrs shortage ,18.8 mtrs short closed
Auro Textiles,Solids,HOAS,AS,2025-06-23 00:00:00,F325AOSH5832,100% Cotton,2025-04-24,2025-04-24,3310057573,1936.0,1936.0,,0.0,,,1936.0,2025-04-28,,140.0,137.0,,,,,,,400004976,2025-04-28,2025-04-28,2025-04-28,0,,OK,Less width,As per PI correct width received(Typo error).
Premier Fabrics Sourcing LLP,Solids,HOAS,AS,2025-06-24 00:00:00,F525ASSH6860,100% Cotton,2025-04-23,2025-04-23,3310061573,893.0,878.087,,14.913000000000011,,,893.0,2025-04-28,,140.0,146.0,,,,,,,400004809,2025-04-28,2025-04-28,2025-04-28,0,,OK,Mtrs shortage ,14.9 Mtrs short closed
Premier Fabrics Sourcing LLP,Solids,HOAS,AS,2025-06-25 00:00:00,F525ASSH6861,100% Cotton,2025-04-23,2025-04-23,3310061584,894.0,878.623,,15.376999999999953,,,894.0,2025-04-28,,140.0,147.0,,,,,,,400005000,2025-04-28,2025-04-28,2025-04-28,0,,OK,Mtrs shortage ,15.3 Mtrs short closed
Auro Textiles,Solids,HOAS,AS,2025-06-26 00:00:00,F325AOSH5830,100% Cotton,2025-04-24,2025-04-24,3310057595,1052.0,1052.0,,0.0,,,1052.0,2025-04-29,,140.0,137.0,,,,,,,400004993,2025-04-29,2025-04-29,2025-04-29,0,,OK,Less width,As per PI correct width received(Typo error).
Premier Fabrics Sourcing LLP,Solids,HOAS,AS,2025-06-27 00:00:00,F525ASSH6872,100% Cotton,2025-04-23,2025-04-23,3310061511,1005.0,984.599,,20.400999999999954,,,1005.0,2025-04-29,,140.0,143.0,,,,,,,400004995,2025-04-29,2025-04-29,2025-04-29,0,,OK,Mtrs shortage ,20.4 Mtrs short closed
Auro Textiles,Solids,HOAS,AS,2025-06-28 00:00:00,F325AOSH5835,100% Cotton,2025-04-24,2025-04-24,3310057540,1405.0,1405.0,,0.0,,,1405.0,2025-04-29,,140.0,136.0,,,,,,,400004994,2025-04-29,2025-04-29,2025-04-29,0,,OK,Less width,As per PI correct width received(Typo error).
SJK Trading India Pvt Ltd,Solids,HOAS,AS,2025-06-29 00:00:00,F525ASSH6607,100% Cotton,2025-04-24,2025-04-24,3310061588,902.7,902.7,,0.0,,,902.7,2025-04-29,,140.0,136.0,,,,,,,400004977,2025-04-29,2025-04-29,2025-04-30,0,,OK,Less width,Initial commitment SAP width  134
Auro Textiles,Solids,HOLP,LP,2025-06-30 00:00:00,F525LYSH7119,100% Cotton,2025-04-25,2025-04-25,3310054281,895.0,895.0,,0.0,,,895.0,2025-04-30,,144.0,137.0,,,,,,,400005004,2025-04-30,2025-04-30,2025-04-30,0,,OK,Less width,As per PI correct width received(Typo error).
Auro Textiles,Solids,HOLP,LP,2025-07-01 00:00:00,F525LYSH5573,100% Cotton,2025-04-25,2025-04-25,3310054254,762.0,762.0,,0.0,,,762.0,2025-04-30,,144.0,139.0,,,,,,,400005006,2025-04-30,2025-04-30,2025-04-30,0,,OK,Less width,As per PI correct width received(Typo error).
Auro Textiles,Solids,HOLP,LP,2025-07-02 00:00:00,F525LYSH5572,100% Cotton,2025-04-26,2025-04-26,3310054251,2487.0,2487.0,,0.0,,,2487.0,2025-04-30,,144.0,138.0,,,,,,,400005003,2025-04-30,2025-04-30,2025-04-30,0,,OK,Less width,As per PI correct width received(Typo error).
Auro Textiles,Solids,HOLP,LP,2025-07-03 00:00:00,F525LYSH5573,100% Cotton,2025-04-26,2025-04-26,3310054255,890.0,890.0,,0.0,,,890.0,2025-04-30,,144.0,137.0,,,,,,,400005005,2025-04-30,2025-04-30,2025-04-30,0,,OK,Less width,As per PI correct width received(Typo error).
Auro Textiles,Solids,HOLP,LP,2025-07-04 00:00:00,F525LYSH7120,100% Cotton,2025-04-23,2025-04-23,3310054282,1262.0,1262.0,,0.0,,,1262.0,2025-04-30,,144.0,138.0,,,,,,,400004966,2025-04-30,2025-04-30,2025-04-30,0,,OK,Less width,As per PI correct width received(Typo error).
Auro Textiles,Solids,HOLP,LP,2025-07-05 00:00:00,F525LYSH5550,100% Cotton,2025-04-25,2025-04-25,3310054243,332.0,332.0,,0.0,,,332.0,2025-04-30,,144.0,137.0,,,,,,,400004968,2025-04-30,2025-04-30,2025-04-30,0,,OK,Less width,As per PI correct width received(Typo error).
Auro Textiles,Solids,HOLP,LP,2025-07-06 00:00:00,F525LYSH5570,100% Cotton,2025-04-25,2025-04-25,3310054249,1093.0,1093.0,,0.0,,,1093.0,2025-04-30,,144.0,138.0,,,,,,,400005011,2025-04-30,2025-04-30,2025-04-30,0,,OK,Less width,As per PI correct width received(Typo error).
Auro Textiles,Solids,HOLP,LP,2025-07-07 00:00:00,F525LYSH5569,100% Cotton,2025-04-26,2025-04-26,3310054248,1023.0,1023.0,,0.0,,,1023.0,2025-04-30,,144.0,138.0,,,,,,,400005010,2025-04-30,2025-04-30,2025-04-30,0,,OK,Less width,As per PI correct width received(Typo error).
SNSM Textiles,Yarn dyed,Super Dry,Super Dry,Apr,FYSDSH1794E,100% COTTON,2025-04-02,2025-04-02,3320005310,1697.4,,1697.4,,,,1697.4,2025-04-04,,53.0,57.874015748031496,4.874015748031496,,,,,,200007773,2025-04-04,2025-04-04,2025-04-04,0,EC,OK,Snarls,Accepted with 2% EC for recut
SNSM Textiles,Yarn dyed,Super Dry,Super Dry,Apr,FYSDSH1787E,100% COTTON,2025-04-02,2025-04-02,3320005310,2377.9,,2377.9,,,,2377.9,2025-04-04,,53.0,57.874015748031496,4.874015748031496,,,,,,200007774,2025-04-04,2025-04-04,2025-04-04,0,EC,OK,"Snarls,broken end",Accepted with 3% EC for recut
SNSM Textiles,Yarn dyed,Super Dry,Super Dry,Apr,FYSDSH1740E,100% COTTON,2025-04-04,2025-04-04,3320005310,502.6,,502.6,,,,502.6,2025-04-05,,53.0,58.26771653543307,5.267716535433067,,,,,,200007868,2025-04-07,2025-04-07,2025-04-12,4,EC,OK,"Snarls,warp line",Accepted with 3% EC for recut
Arthanari Loom Centre Textile,Yarn dyed,Super Dry,Super Dry,Apr,FYSDSH1807E,100% COTTON,2025-04-07,2025-04-07,3320004863,2495.4,2495.4,,,,,2495.4,2025-04-07,,57.0,56.29921259842519,-0.7007874015748072,,,,,,200007916,2025-04-08,2025-04-08,2025-04-10,2,Clear,OK,"Folding mark,neps,contamination",As discussed mending or replace the panels
Arthanari Loom Centre Textile,Yarn dyed,Super Dry,Super Dry,Apr,FYSDSH1810E,100% COTTON,2025-04-07,2025-04-07,3320004863,2491.0,2491.0,,,,,2491.0,2025-04-07,,57.0,56.69291338582677,-0.3070866141732296,,,,,,200007915,2025-04-08,2025-04-08,2025-04-10,2,Clear,OK,"Folding mark,neps,width variation",As discussed mending or replace the panels
Arthanari Loom Centre Textile,Yarn dyed,Super Dry,Super Dry,Apr,FYSDSH1808E,100% COTTON,2025-04-07,2025-04-07,3320004863,2474.7,2474.7,,,,,2474.7,2025-04-08,,57.0,56.69291338582677,-0.3070866141732296,,,,,,200007914,2025-04-08,2025-04-08,2025-04-10,2,Clear,OK,"Folding mark,neps,stop mark",As discussed mending or replace the panels
GM Exports,Yarn dyed,Marco Polo,Marco Polo,Apr,FYMPSH3318E,100% COTTON,2025-04-09,2025-04-09,3320005234,986.4,986.4,,,,,986.4,2025-04-11,,56.0,56.69291338582677,0.6929133858267704,,,,,,200007961,2025-04-12,2025-04-12,2025-04-17,3,Clear,OK,"Floding crease mark,width univen",Folding Crease after anti crease wash ok - cut Minimum width
GM Exports,Yarn dyed,Marco Polo,Marco Polo,Apr,FYMPSH3319E,100% COTTON,2025-04-10,2025-04-10,3320005234,608.7,608.7,,,,,608.7,2025-04-15,,56.0,56.69291338582677,0.6929133858267704,,,,,,200007984,2025-04-15,2025-04-15,2025-04-17,2,Clear,OK,Floding crease mark,Folding Crease after anti crease wash ok - Knots will pull the inside
GM Exports,Yarn dyed,Marco Polo,Marco Polo,Apr,FYMPSH3319E,100% COTTON,2025-04-11,2025-04-11,3320005234,722.0,722.0,,,,,722.0,2025-04-15,,56.0,56.69291338582677,0.6929133858267704,,,,,,200007985,2025-04-15,2025-04-15,2025-04-17,2,Clear,OK,"Floding crease mark,knots",Folding Crease after anti crease wash ok - Knots will pull the inside
SNSM Textiles,Yarn dyed,Super Dry,Super Dry,Apr,FYSDSH1740E,100% COTTON,2025-04-11,2025-04-11,3320005310,486.4,,486.4,,,,486.4,2025-04-15,,53.0,57.874015748031496,4.874015748031496,,,,,,200007979,2025-04-15,2025-04-15,2025-04-18,3,EC,OK,Holes,Accepted with 3% EC for recut
Tootal Fabrics Holland BV,Solids,LV,LV,Apr,FYLVSH0012E,100% COTTON,2025-04-12,2025-04-12,3320005674,6320.0,6320.0,,,,,6320.0,2025-04-16,,56.0,59.05511811023622,3.055118110236222,,,,,,200008010,2025-04-17,2025-04-17,2025-04-18,1,Clear,OK,Contamination,As discussed mending or replace the panels
Arthanari Loom Centre Textile,Yarn dyed,Super Dry,Super Dry,Apr,FYSDSH1703E,100% COTTON,2025-04-15,2025-04-15,3320005305,6383.5,6383.5,,,,,6383.5,2025-04-16,,57.0,56.69291338582677,-0.3070866141732296,,,,,,200007929,2025-04-17,2025-04-17,2025-04-17,0,Clear,OK,"Warp line,slubs,broken end",As discussed mending or replace the panels
Premier SPG & Wvg Mills Pvt LTD,Yarn dyed,Super Dry,Super Dry,Apr,FYSDSH1924E,100% COTTON,2025-04-16,2025-04-16,3320005317,2096.0,2096.0,,,,,2096.0,2025-04-18,,57.0,60.23622047244094,3.236220472440941,,,,,,200008016,2025-04-18,2025-04-18,2025-04-19,1,EC,OK,Slubs,As discussed mending or replace the panels
Premier SPG & Wvg Mills Pvt LTD,Yarn dyed,Super Dry,Super Dry,Apr,FYSDSH1924E,100% COTTON,2025-04-16,2025-04-16,3320005317,593.0,593.0,,,,,593.0,2025-04-18,,57.0,60.23622047244094,3.236220472440941,,,,,,200008015,2025-04-18,2025-04-18,2025-04-19,1,EC,OK,Slubs,As discussed mending or replace the panels
Premier SPG & Wvg Mills Pvt LTD,Yarn dyed,Super Dry,Super Dry,Apr,FYSDSH1741E,100% COTTON,2025-04-16,2025-04-16,3320005317,1654.0,1654.0,,,,,1654.0,2025-04-19,,57.0,60.23622047244094,3.236220472440941,,,,,,200007956,2025-04-21,2025-04-21,2025-04-22,1,Clear,OK,"Stop mark,slubs",As discussed mending or replace the panels
Premier SPG & Wvg Mills Pvt LTD,Yarn dyed,Super Dry,Super Dry,Apr,FYSDSH1742E,100% COTTON,2025-04-16,2025-04-16,3320005317,791.0,791.0,,,,,791.0,2025-04-19,,57.0,61.023622047244096,4.023622047244096,,,,,,200008072,2025-04-21,2025-04-21,2025-04-22,1,Clear,OK,"Snarls,warp line",As discussed mending or replace the panels
SNSM Textiles,Yarn dyed,Super Dry,Super Dry,Apr,FYSDSH1789E,100% COTTON,2025-04-18,2025-04-18,3320005661,1383.0,1383.0,,,,,1383.0,2025-04-21,,56.0,57.08661417322835,1.086614173228348,,,,,,200008073,2025-04-21,2025-04-21,2025-04-22,1,Clear,OK,Slubs,As discussed mending or replace the panels
SNSM Textiles,Yarn dyed,Super Dry,Super Dry,Apr,FYSDSH1782E,100% COTTON,2025-04-17,2025-04-17,3320005310,922.0,922.0,,,,,922.0,2025-04-19,,53.0,57.48031496062992,4.480314960629919,,,,,,200008071,2025-04-21,2025-04-21,2025-04-22,1,Clear,OK,"Wrong drawing,knots",As discussed mending or replace the panels
SNSM Textiles,Yarn dyed,HC,HC,Apr,FYHCSH0020E,100% COTTON,2025-04-18,2025-04-18,3320005705,487.0,487.0,,,,,487.0,2025-04-19,,56.0,57.874015748031496,1.8740157480314963,,,,,,200008070,2025-04-21,2025-04-21,2025-04-22,1,Clear,OK,"Slubs,snarls",As discussed mending or replace the panels
GM Exports,Yarn dyed,Marco Polo,Marco Polo,Apr,FYMPSH3319E,100% COTTON,2025-04-15,2025-04-15,3320005234,535.2,,,535.2,,,535.2,2025-04-18,,56.0,57.08661417322835,1.086614173228348,,,,,,200007955,2025-04-21,2025-04-21,2025-04-24,3,RTS,OK,"Knots,wrong drawing",RTS
Arvind LTD,Yarn dyed,Marco Polo,Marco Polo,Apr,FYMPSH3180E,100% COTTON,2025-04-18,2025-04-18,3320005247,1546.0,1546.0,,,,,1546.0,2025-04-23,,56.0,58.26771653543307,2.267716535433067,,,,,,200008121,2025-04-24,2025-04-24,2025-04-24,0,Clear,OK,"Contamination,neps,warp line",Fabrics are MOP liability fabric 
Arvind LTD,Yarn dyed,Marco Polo,Marco Polo,Apr,FYMPSH3431E,100% COTTON,2025-04-19,2025-04-19,3320005325,1277.97,,1277.97,,,,1277.97,2025-04-24,,,57.874015748031496,57.874015748031496,,,,,,200008142,2025-04-25,2025-04-25,2025-04-29,3,EC,OK,Holes,Accepted with 3% EC for recut
Jaypore - Commerce Private Ltd,Yarn dyed,S&N,S&N,May,FYJYSU0014E,100% COTTON,2025-03-28,2025-03-28,3320005496,70.0,50.1,,19.9,,,70.0,2025-04-02,,,,,,,,,,400004654,2025-04-02,2025-04-02,2025-04-02,0,Clear,OK,Mtrs shortage,Fabric will arrange in FOC 
Jaypore - Commerce Private Ltd,Yarn dyed,S&N,S&N,Jun,FYJYSU0013E,100% COTTON,2025-03-28,2025-03-28,3320005496,84.0,76.4,,7.599999999999994,,,84.0,2025-04-02,,,,,,,,,,400004655,2025-04-02,2025-04-02,2025-04-02,0,Clear,OK,Mtrs shortage,Fabric will arrange in FOC 
MM Multi Fabs,Yarn dyed,Super Dry,Super Dry,Jul,FYSDSH1489E,100% COTTON,2025-03-27,2025-03-27,3320005352,462.0,450.9,,11.100000000000023,,,462.0,2025-04-03,,,,,,,,,,400004709,2025-04-03,2025-04-03,2025-04-05,2,Clear,OK,Mtrs shortage,11.1 mtrs short closed
SNSM Textiles,Yarn dyed,Super Dry,Super Dry,Aug,FYSDSH1740E,100% COTTON,2025-04-02,2025-04-02,3320005310,489.6,472.58,,17.02000000000004,,,489.6,2025-04-04,,,,,,,,,,400004605,2025-04-04,2025-04-04,2025-04-04,0,Clear,OK,Mtrs shortage,17 mtrs short closed
SNSM Textiles,Yarn dyed,Super Dry,Super Dry,Sep,FYSDSH1740E,100% COTTON,2025-04-02,2025-04-02,3320005310,464.0,447.87,,16.129999999999995,,,464.0,2025-04-04,,,,,,,,,,400004606,2025-04-04,2025-04-04,2025-04-04,0,Clear,OK,Mtrs shortage,16.1 mtrs short closed
Shaoxing Jisi Textiles Co Ltd,Yarn dyed,S&N,S&N,Oct,FYSNSU0023E,100% COTTON,2025-04-03,2025-04-03,3320004843,1029.0,1016.549,,12.451000000000022,,,1029.0,2025-04-04,,,,,,,,,,400004609,2025-04-04,2025-04-04,2025-04-07,2,Clear,OK,Mtrs shortage,12.4 mtrs short closed
Shaoxing Jisi Textiles Co Ltd,Yarn dyed,S&N,S&N,Nov,FYSNSU0218E,100% COTTON,2025-04-03,2025-04-03,3320004843,1033.0,1017.092,,15.908000000000015,,,1033.0,2025-04-04,,,,,,,,,,400004800,2025-04-04,2025-04-04,2025-04-07,2,Clear,OK,Mtrs shortage,15.9 mtrs short closed
Shaoxing Jisi Textiles Co Ltd,Yarn dyed,S&N,S&N,Dec,FYSNSU0249E,100% COTTON,2025-04-03,2025-04-03,3320004843,1050.0,1034.775,,15.224999999999909,,,1050.0,2025-04-04,,,,,,,,,,400004608,2025-04-04,2025-04-04,2025-04-07,2,Clear,OK,Mtrs shortage,15.2 mtrs short closed
SNSM Textiles,Yarn dyed,Super Dry,Super Dry,Jan,FYSDSH1794E,100% COTTON,2025-04-02,2025-04-02,3320005310,860.8,826.368,,34.4319999999999,,,860.8,2025-04-07,,,,,,,,,,400004784,2025-04-07,2025-04-07,2025-04-18,6,Clear,OK,Mtrs shortage,34.4 mtrs short closed
SNSM Textiles,Yarn dyed,HC,HC,Feb,FYHCSH0020E,100% COTTON,2025-04-18,2025-04-18,3320005705,487.0,476.578,,10.422000000000025,,,487.0,2025-04-21,,,,,,,,,,400004803,2025-04-21,2025-04-21,2025-04-22,1,Clear,OK,Mtrs shortage,10.4 mtrs short closed
Arthanari Loom Centre Textile,Yarn dyed,Super Dry,Super Dry,Mar,FYSDSH1705E,100% COTTON,2025-04-19,2025-04-19,3320005705,824.2,813.65,,10.550000000000068,,,824.2,2025-04-23,,,,,,,,,,400004941,2025-04-23,2025-04-23,2025-04-25,2,Clear,OK,Mtrs shortage,10.5 mtrs short closed
